lolz,1
phuppo,1
bik,1
accident,1
jubhi,1
fatt,1
chhakkians,1
dusri,1
kaar,1
salmaniac,1
hehehe,1
playlist,1
headphones,1
programming,1
surgery,1
piece,1
hindustan,1
nr,1
interviews,1
chara,1
bhed,1
afghanistan,1
saudi,1
didi,1
rhengi,1
dya,1
smne,1
tmare,1
nawz,1
kuta,1
palne,1
taxu,1
dalay,1
chordti,1
kute,1
khwahis,1
mitane,1
china,1
bhakts,1
rampal,1
dhongi,1
bhakto,1
kidhar,1
blush,1
bhejdo,1
kraziness,1
pranam,1
kjais,1
hinda,1
chamche,1
chamcha,1
shud,1
answaer,1
hd,1
ajmer,1
halfline,1
jha,1
ashish,1
bichad,1
psnd,1
unblind,1
hazaron,1
charmen,1
milte,1
bachanay,1
sharif,1
aai,1
speech,1
tala,1
stars,1
kishtwar,1
unglion28nov,1
bhula,1
gale,1
participate,1
khd,1
taref,1
sudhar,1
akkad,1
nikhil,1
03444324660,1
srkianssal,1
shade,1
hoby,1
edu,1
18,1
age,1
katrena,1
promiss,1
karungi,1
req,1
frd,1
pixschoolofbonding,1
smhajkar,1
naag,1
bond,1
bulva,1
jisse,1
ambani,1
karengai,1
defferncite,1
mahengi,1
lpg,1
khayega,1
joota,1
jha2,1
abe,1
mute,1
gonaa,1
frre,1
sindhi,1
nuksaan,1
dooba,1
gujrat,1
combined,1
modis,1
knws,1
dalta,1
chatora,1
asool,1
gogautam,1
padega,1
puchna,1
role,1
aarahi,1
unhein,1
banayega,1
rishta,1
mjje,1
engagement,1
property,1
husbands,1
lele,1
kisiko,1
kp,1
aaeee,1
parhegi,1
daant,1
jayengi,1
doll,1
parega,1
rqxt,1
christmasmanayengelondonme,1
balo,1
fit,1
jange,1
nal,1
peche,1
arse,1
hillane,1
saaf,1
bhaga,1
handle,1
uchal,1
kadhe,1
taporyon,1
rub,1
hazar,1
sabit,1
dancer,1
inherit,1
chinta,1
colour,1
ekdam,1
photoshop,1
needed,1
whenever,1
kejri,1
harshu,1
router,1
jihad,1
suru,1
gharon,1
kite,1
afford,1
signal,1
arrey,1
dekhay,1
milawat,1
uthao,1
rone,1
corrupt,1
kahaniyan,1
answers,1
precise,1
situation,1
triangle,1
niche,1
utility,1
bills,1
sport,1
jhooti,1
boltay,1
khod,1
suche,1
larke,1
garments,1
btadeti,1
tujy,1
yallah,1
mujge,1
tandip,1
kerkee,1
pasnd,1
doosri,1
hyn,1
larr,1
betiyan,1
apun,1
shook,1
ane,1
kud,1
puttar,1
kiyonke,1
jay,1
meko,1
muskurahat,1
izhar,1
kahoo,1
salmanians,1
whr,1
haste,1
hasna,1
characters,1
149,1
sonuh,1
kanth,1
neel,1
chusna,1
wid,1
zehar,1
sojahaoo,1
abb,1
bula,1
ghussay,1
shonu,1
mithu,1
khaaan,1
happpy,1
zainu_nainu,1
punjabians,1
islye,1
mentions,1
ghae,1
ice,1
cubes,1
whisky,1
nendh,1
karogey,1
askahmad,1
so0ch,1
socch,1
ziyada,1
cheez,1
haun,1
birth,1
mujse,1
sakal,1
khoye,1
rahte,1
humein,1
speeeeeeeeed,1
sherlock,1
virhan,1
agnee,1
aga,1
tapti,1
ptawari,1
booss,1
choot,1
bahout,1
lijye,1
symbolism,1
inqilabinbhakkar,1
waoo,1
bandar,1
ikandtuqbestcomb,1
bhejoon,1
liyay,1
bio,1
aysi,1
rakhi,1
dosri,1
hahahaah,1
karishma,1
dimpy,1
bit,1
permisson,1
var,1
preety,1
poo,1
maalaiye,1
nilavu,1
irlradio,1
realy,1
photographer,1
bauhat,1
hameesha,1
selfies,1
jaungi,1
au,1
nu,1
thnu,1
jeetu,1
jatinder,1
director,1
shar,1
zar,1
gulaam,1
track,1
khans,1
dubbed,1
awara,1
diwana,1
poetic,1
sunaen,1
priyanka,1
bille,1
kenya,1
londi,1
whyyyyyy,1
translation,1
liplop,1
pari,1
advised,1
cos,1
artist,1
likho,1
puchi,1
kune,1
sonuholic,1
wht,1
contestants,1
tells,1
4got,1
usay,1
lang,1
england,1
halaat,1
mazay,1
klopp,1
staying,1
ghum,1
muffler,1
aajkal,1
bachpan,1
malkhan,1
daku,1
nateeja,1
samaghdaar,1
wink,1
lagan,1
muththi,1
lakiro,1
agy,1
pichy,1
20000,1
isliye,1
donation,1
hgya,1
bhagta,1
mainy,1
earphones,1
bandhne,1
shoelaces,1
imthan,1
sbra,1
sadhko,1
palak,1
kehnewale,1
kitaab,1
khuli,1
warrant,1
serving,1
bukhari,1
officialy,1
political,1
karnataka,1
protest,1
districts,1
delta,1
asking,1
tmara,1
frustrat,1
krnga,1
industries,1
jijaji,1
arz,1
dispensaries,1
arrives,1
janoon,1
later,1
500,1
almost,1
spain,1
arrive,1
honto,1
beans,1
shipment,1
intial,1
1585,1
smarthak,1
tonic,1
spacial,1
kanha,1
stamina,1
liey,1
t_t,1
padhai,1
shiva,1
given,1
ganey,1
supposedly,1
ancient,1
bhangladesh,1
another,1
bithaya,1
afsar,1
psychoanalysis,1
kerwaya,1
grade,1
98,1
shabbakhair,1
niklain,1
peee,1
balke,1
edible,1
hahahahahhahahahahahhahahah,1
different,1
chocolates,1
koyla,1
sohii,1
lyrics,1
hq,1
nashe,1
liked,1
plzzz,1
chalao,1
government,1
lahoti,1
governance,1
kachdaroo,1
vd,1
breakfast,1
leas,1
common,1
kinda,1
upset,1
buht,1
sharaab,1
doodh,1
tape,1
mix,1
gv,1
hile,1
wondering,1
lak,1
whom,1
vol,1
vibes,1
kartai,1
takecare,1
pheebs,1
bardasht,1
wasn,1
lying,1
piyaas,1
rahtai,1
woo,1
soso,1
dhut,1
peekai,1
hamarai,1
fb,1
whatsapp,1
kecuali,1
ini,1
keluarga,1
nemenin,1
siap,1
adek,1
ghe,1
nikalo,1
baatoon,1
rang,1
poster,1
lips,1
access,1
safe,1
americans,1
supports,1
purity,1
consistency,1
potency,1
tested,1
quality,1
chocolate,1
results,1
shows,1
smoker,1
weed,1
62k,1
boom,1
booyakasha,1
blunts,1
bodacious,1
bongs,1
boobies,1
babies,1
butts,1
sktay,1
80k,1
woah,1
hga,1
bnata,1
231k,1
chras,1
idk,1
lassi,1
happybirthdayahmadshahzad,1
ani,1
success,1
happiness,1
jeetenge,1
wishing,1
techapamornkul,1
pornnisa,1
hbd,1
gaddar,1
hogeye,1
musalmani,1
niqab,1
phenke,1
humse,1
kaalu,1
bibya,1
ju,1
guru,1
tabah,1
buckeye,1
tolee,1
howe,1
gobhi,1
garden,1
bhaji,1
anmol,1
bicky,1
gaay,1
tarhan,1
murghi,1
array,1
faizahmedfaiz,1
biktay,1
qadam,1
khilenge,1
angna,1
sajna,1
naqab,1
parda,1
gira,1
chere,1
brownjoke,1
fall,1
flower,1
khil,1
rahon,1
jayengey,1
jinhein,1
bethe,1
zid,1
bulao,1
ataa,1
hazir,1
tokraa,1
humain,1
ajao,1
kaliyan,1
marn,1
sies,1
nxm,1
huay,1
bichhaaye,1
mery,1
hamza,1
silant,1
tukroon,1
kaanch,1
chall,1
hanss,1
shartein,1
hus,1
goddamn,1
khilte,1
shweta,1
wish,1
larkoon,1
maili,1
returns,1
otono,1
bani,1
king,1
sakty,1
lmaoooo,1
fools,1
typing,1
dedia,1
correct,1
auto,1
becharon,1
jub,1
lick,1
hier,1
cum,1
pondi,1
kahe,1
aaisa,1
adb,1
cannot,1
wch,1
tkd,1
haat,1
badaya,1
piche,1
1991,1
hatenge,1
tat,1
coincidence,1
ws,1
yesterday,1
journey,1
reminded,1
smarty,1
cheers,1
ggooreus,1
underestimate,1
point,1
speed,1
breaker,1
heartbreaker,1
allow,1
edit,1
nuqsaan,1
daitai,1
windows,1
less,1
boring,1
1k,1
reach,1
yet,1
dardh,1
fusool,1
dho,1
nikhal,1
eviction,1
haai,1
aashirvaad,1
bhejna,1
keroge,1
sbse,1
jyaa,1
papaji,1
jinke,1
favrt,1
dhinka,1
chika,1
lungi,1
gia,1
daughters,1
hooria,1
dhoodh,1
achha,1
bachne,1
chaal,1
bahoot,1
jhatka,1
msla,1
thyy,1
jaante,1
bnday,1
ktny,1
mazzay,1
jalsay,1
rehay,1
hukum,1
srkianssalmaniacs,1
true,1
duri,1
santulan,1
shaaririk,1
konsi,1
asliyat,1
bhye,1
maansik,1
qoam,1
nafsiyati,1
baahut,1
gaanth,1
cherh,1
sans,1
urdu,1
sakht,1
chokidari,1
fayyaz,1
rasheeda,1
akhir,1
shano,1
faaltu,1
yahanse,1
dab,1
pasar,1
pankh,1
lad,1
chidiya,1
banke,1
megha,1
aaliya,1
madhubala,1
tabbasum,1
cheen,1
jany,1
lookng,1
donkey,1
une,1
hansty,1
achy,1
lagty,1
accent,1
son,1
quoaaaa,1
makha,1
mariyum,1
meii,1
yamm,1
pakles,1
bhikari,1
banta,1
bagger,1
hats,1
mamu,1
barakah,1
bukhar,1
intzaar,1
104,1
nanad,1
mausi,1
lve,1
rhta,1
tanhayi,1
udas,1
lovrubse,1
nigah,1
zaisha,1
sis,1
princes,1
musharaf,1
nonono,1
jiske,1
joote,1
tym,1
duryodhan,1
jeddah,1
bhage,1
kom,1
awan,1
abas,1
zakhmi,1
shadeed,1
janbahaq,1
sali,1
unlike,1
popular,1
belief,1
hadsa,1
screw,1
qareeb,1
financially,1
jhang,1
garri,1
dera,1
pose,1
issar,1
achhe,1
turns,1
sumaira,1
sabki,1
zarurat,1
beyonce,1
pichwada,1
deepika,1
agwada,1
dangar,1
aainda,1
haftay,1
tabiat,1
ns,1
tuesday,1
27,1
novembr,1
thursday,1
peon,1
begharet,1
cng,1
stations,1
nasli,1
ghanto,1
ghanja,1
peeta,1
das,1
03217709400,1
elaj,1
behria,1
googa,1
behrha,1
pleas,1
investigate,1
definently,1
jwain,1
bande,1
tamanna,1
badhaiya,1
nav,1
dampati,1
aashish,1
sukh,1
clasfelow,1
quraishi,1
padhne,1
shakti,1
taaqat,1
jaifellaini,1
ahsan,1
belong,1
pveetur,1
mndr,1
bheetr,1
biraaj,1
multan,1
aesy,1
poojna,1
chaahye,1
gyanchand,1
shaka,1
khipro,1
chance,1
won,1
sanbhalo,1
zaban,1
izzat,1
shame,1
little,1
newborn,1
denga,1
vidhayak,1
h2rs,1
unga,1
bacche,1
kuchi,1
ikdestroyingpak,1
khandani,1
fed,1
yae,1
aor,1
badnam,1
plzzzzzzzzzz,1
rak,1
uthale,1
hoyea,1
plzzzzzzzzz,1
meaningless,1
lutyens,1
plzzzzzz,1
mamashree,1
leaders,1
nonsense,1
mami,1
submit,1
bhateeji,1
bhateeja,1
impa,1
friday,1
railgate,1
kripa,1
vadragate,1
damaad,1
14,1
bhandara,1
aayojan,1
saale,1
saasu,1
saccha,1
shudnt,1
hs,1
khola,1
betha,1
appeal,1
howz,1
kerne,1
father,1
legitimate,1
saray,1
without,1
uncivilized,1
faiday,1
trolls,1
rockstar,1
faaeday,1
cutest,1
cuttee,1
shoo,1
aww,1
knows,1
except,1
both,1
ultimate,1
result,1
dash,1
supper,1
maamu,1
waah,1
maarna,1
thappar,1
winti,1
choti,1
yayy,1
gobar,1
nayapakistan,1
aape,1
bachhe,1
rup,1
changethename,1
prove,1
agree,1
pyare,1
pather,1
anatomy,1
pujo,1
ghoom,1
physics,1
bewfa,1
yhi,1
chudwa,1
chhoti,1
200,1
filter,1
effects,1
lagake,1
simplicity,1
jaisey,1
ghuroor,1
caption,1
followback,1
daro,1
aisha,1
bahaayein,1
jamuna,1
haarna,1
ganga,1
atma,1
shanti,1
mc,1
sadbuddhi,1
laude,1
onside,1
asshole,1
pk,1
master,1
canteen,1
square,1
shaup,1
ref,1
jarorat,1
padne,1
thoda2,1
fucking,1
kharch,1
tweetiya,1
barak,1
farmaen,1
ghor,1
ram,1
guzarish,1
tarjeeh,1
bhaaiyon,1
patthar,1
dheka,1
everyday,1
naadan,1
sholo,1
cow,1
mahan,1
sapoot,1
chutiya,1
baton,1
hoe,1
badluo,1
thobda,1
kuttika,1
request,1
sweety,1
samjho,1
patharme,1
jatahi,1
hausle,1
buland,1
rkhnese,1
irada,1
khudake,1
dargah,1
pahuch,1
daalnay,1
karjaa,1
sabb,1
aish,1
toe,1
roflmao,1
nayi,1
bhakton,1
dimaag,1
sardaar,1
kaahilon,1
sahil,1
indiawale,1
pooja,1
working,1
aanewali,1
dramaqueen,1
isliyea,1
satmati,1
palanhare,1
nirgun,1
nyare,1
felt,1
bahi,1
gaaliya,1
jasoda,1
baithna,1
hamaree,1
uljhan,1
suljhao,1
nikalte,1
jaake,1
galiya,1
pakane,1
tag,1
ladkiyo,1
baccho,1
mata,1
msd,1
umra,1
stats,1
statistics,1
tangwa,1
lunga,1
bhagto,1
mojood,1
australia,1
6200,1
qaatil,1
loan,1
deal,1
karate,1
benazir,1
nobody,1
told,1
valmiki,1
non,1
brahmin,1
supposed,1
plaega,1
nadan,1
2g,1
appointment,1
ummeed,1
singhhh,1
qubool,1
honey,1
singers,1
lagale,1
30nov,1
prabhu,1
mitjayenge,1
kasm,1
daata,1
bhagya,1
vidhata,1
shri,1
sp,1
tigers,1
aliakbar,1
thaki,1
hotii,1
adat,1
chaat,1
burii,1
chap,1
jara,1
theher,1
karwata,1
dhdha,1
ulte,1
sulte,1
majnu,1
pahuncha,1
oye,1
proposed,1
jagir,1
biscuits,1
fantasy,1
unlucky,1
mara,1
ahan,1
maot,1
kuty,1
osaama,1
jeb,1
choka,1
beyahe,1
teb,1
buzdil,1
manchester,1
dharnay,1
shoroo,1
sincerely,1
jaonga,1
remember,1
chachee,1
gundee,1
kainaat,1
takkey,1
called,1
mullah,1
paid,1
bark,1
rupiya,1
chord,1
bahiya,1
waat,1
duboya,1
sinha,1
jayan,1
yee,1
kron,1
marzi,1
mahal,1
built,1
taxes,1
extracted,1
empire,1
cz,1
med,1
85,1
during,1
lee,1
jiye,1
wahazamwah,1
beyahey,1
waow,1
pity,1
white,1
bhutto,1
votes,1
utaarna,1
psu,1
sardian,1
rehien,1
theen,1
unproductive,1
gyeen,1
eagerly,1
awaiting,1
quetta,1
wave,1
siberian,1
winds,1
ruka,1
houses,1
caravan,1
fund,1
bitch,1
mithai,1
tumra,1
kuttia,1
kasi,1
thaaa,1
bher,1
passs,1
chalaaa,1
sukriya,1
gun,1
bhojpuri,1
dengue,1
malaria,1
bhojpuriya,1
south,1
faraar,1
chadha,1
itnakaronamujhepyar,1
buk,1
mha,1
mp,1
lakin,1
bzi,1
worldwide,1
cric,1
bcci,1
illegal,1
final,1
bhenchod,1
yea,1
khusra,1
bachkana,1
tbh,1
hasil,1
leye,1
moun,1
kala,1
karana,1
kao,1
stuti,1
avinash,1
chudail,1
bh0ot,1
billion,1
harkat,1
swiss,1
account,1
esi,1
liftan,1
axha,1
pohanchy,1
baich,1
mj,1
zameer,1
haya,1
bangladesh,1
khilaaf,1
kuin,1
jalson,1
gittia,1
khrcha,1
bannai,1
israil,1
kpk,1
mukam,1
ameer,1
zahid,1
wla,1
argument,1
favour,1
aside,1
drugs,1
akram,1
mejn,1
waqas,1
paisay,1
sh,1
naseer,1
wspis,1
tiyar,1
shyaar,1
phuppi,1
devar,1
nand,1
western,1
olaad,1
okaat,1
drives,1
mangti,1
data,1
darbar,1
character,1
dhoond,1
laati,1
charger,1
socket,1
tazdeel,1
jinnah,1
fatma,1
lgana,1
dictator,1
napunsak,1
rahiyo,1
thokte,1
samajty,1
salam,1
bhabi,1
hainnnn,1
siyasi,1
ustad,1
dhundhta,1
khiladi,1
cricket,1
maarne,1
bachche,1
abhito,1
baety,1
kushi,1
yess,1
deklein,1
bout,1
bnaye,1
condition,1
pljjj,1
mine,1
red,1
move,1
color,1
1122,1
cities,1
black,1
80,1
dewaana,1
dekjha,1
diggi,1
raja,1
mahatama,1
wja,1
sachhe,1
follower,1
khaas,1
mujj,1
aunties,1
krtay,1
lalchi,1
fiqar,1
rasheed,1
___,1
apno,1
fawadfever,1
crazykiyare,1
pooondi,1
khabrein,1
mazeez,1
khabron,1
rahiye,1
poondi,1
dudh,1
dhula,1
porn,1
parliament,1
baithkar,1
morons,1
fawadkhan,1
jiya,1
jhoome,1
uspe,1
dhaikho,1
enemies,1
irritates,1
smile,1
choo,1
indonesianangelovemastukie,1
den,1
allot,1
flowers,1
pljj,1
999,1
subha,1
increase,1
decrease,1
sheik,1
sahb,1
bnae,1
naqlii,1
fanaah,1
uskii,1
kahiin,1
darr,1
aainaa,1
5000,1
cult,1
bhajan,1
bow,1
trivedi,1
amit,1
deep,1
audi,1
lovers,1
motay,1
khaate,1
khail,1
sunooo,1
haaro,1
ku,1
jeeto,1
delhi,1
tares,1
prob,1
dobriyal,1
plane,1
panchi,1
pine,1
kahaani,1
throwback,1
karoon,1
light,1
je,1
lagda,1
dikhti,1
apan,1
samajhawan,1
aaygaa,1
shaks,1
bulaye,1
degrees,1
bh,1
yaaaaahuuuuuu,1
parhai,1
deeldaar,1
konse,1
institute,1
amitabh,1
bachchan,1
jaal,1
koun,1
banega,1
crorepati,1
gayaa,1
fass,1
maraa,1
bowler,1
spinner,1
medium,1
charaa,1
scope,1
due,1
duke,1
kehen,1
zillat,1
sahna,1
art,1
tareeke,1
saha,1
gey,1
sapnon,1
qeemat,1
chukani,1
padti,1
bhale,1
mano,1
colours,1
karwane,1
officially,1
tukre,1
tukere,1
akbar,1
destroy,1
yuhi,1
jodhaakbar,1
sideline,1
sangam,1
janmo,1
survive,1
nope,1
sailaab,1
loag,1
khitay,1
eik,1
bujhao,1
juice,1
shinchen,1
modinama,1
haatho,1
sanwara,1
didu,1
qudrat,1
mitali,1
tarse,1
loon,1
chaloon,1
sotrue,1
yunhi,1
khrab,1
lov,1
dimagh,1
active,1
mite,1
howi,1
bigg,1
adnan,1
mehsoos,1
melbourne,1
sydney,1
aage,1
chuwan,1
bhojta,1
honton,1
pyase,1
expert,1
highway,1
sultan,1
ktne,1
qehat,1
karbala,1
namaz,1
teen,1
russia,1
japan,1
aayenge,1
rooz,1
araha,1
khanjar,1
galay,1
sajdy,1
sonalee,1
meethi,1
event,1
pre,1
information,1
detailed,1
kamina,1
published,1
entourage,1
motivational,1
tumi,1
poth,1
jano,1
daaadaaaaaa,1
leneka,1
congratulation,1
samandar,1
filhaal,1
sem,1
khwab,1
haqeeqath,1
bhoot,1
lata,1
dill,1
hnu,1
keho,1
puchiye,1
chalata,1
pyaso,1
lab,1
tishna,1
murgeki,1
dhamal,1
sakenge,1
sookh,1
chahtpe,1
bilal,1
annual,1
leaves,1
movies,1
mujhko,1
gila,1
poocha,1
sway,1
sitam,1
mozo,1
bechay,1
97,1
mheno,1
aayange,1
sum,1
bubbles,1
phodhne,1
mann,1
aagle,1
paane,1
tujko,1
payenge,1
bujha,1
ankhe,1
kanpur,1
chashma,1
lagaye,1
accounts,1
shaher,1
menists,1
kholo,1
jhuthe,1
aaine,1
spit,1
darshau,1
eat,1
series,1
hahaahahah,1
ami,1
illiterate,1
hukmran,1
haramkhor,1
bhonga,1
strewn,1
knightofwit,1
bharmar,1
peene,1
tambaku,1
sigrat,1
swachbharatabhiyan,1
surrounded,1
cluttered,1
mahdooms,1
mazloom,1
soonta,1
gureeda,1
farooqi,1
alpinelibbe,1
candy,1
written,1
largest,1
beautifully,1
krega,1
confirmed,1
truly,1
deserving,1
rajnath,1
goenka,1
roads,1
persons,1
actors,1
modiinaustralia,1
chant,1
wall,1
spits,1
ishfaat,1
oska,1
asaal,1
modibhakts,1
dekhye,1
surrounding,1
baadde,1
badde,1
heroin,1
patto,1
superstar,1
ksr,1
uthalete,1
pacekts,1
tabbhi,1
bhaiyya,1
swatchbharat,1
fairness,1
netaon,1
maharashtra,1
tod,1
ward93,1
banayenge,1
chodega,1
hygene,1
nations,1
spoiling,1
dijye,1
swatch,1
hasee,1
control,1
daisy,1
elli,1
jackie,1
respected,1
vip,1
vimal,1
rajshree,1
bulata,1
treat,1
sponsored,1
balm,1
utd,1
lip,1
haraya,1
blackett,1
mcnair,1
ilawa,1
sticks,1
packts,1
railway,1
separist,1
metro,1
justsaying,1
bhakti,1
hamne,1
jhooth,1
immedtly,1
viewers,1
thinkingaboutit,1
constitution,1
repels,1
term,1
clause,1
kisnay,1
dulwaya,1
usin,1
repel,1
kur,1
ciggs,1
sunaon,1
anti,1
related,1
mubham,1
vague,1
puraanaa,1
chaliya,1
jeeta,1
imagineaworldwithout,1
jatani,1
experience,1
gayab,1
ekdum,1
specially,1
table,1
tingutards,1
unlogo,1
manikchand,1
crush,1
chewing,1
officer,1
chew,1
customer,1
george,1
girl,1
loves,1
blood,1
asks,1
induced,1
sitcom,1
karachisitcoms,1
stric,1
rule,1
raga,1
omar,1
aparadh,1
tumhy,1
compartments,1
bitttuuuuuuuuu,1
ladkiii,1
parag,1
cigarette,1
kisko,1
troll,1
bihari,1
shaan,1
reva,1
station,1
express,1
travelled,1
filled,1
bcoz,1
lakho,1
muskrahat,1
mit,1
walls,1
beinethaa,1
humans,1
animals,1
ibted,1
oceans,1
doob,1
iba,1
single,1
rivers,1
ratan,1
noora,1
drains,1
groundwater,1
navin,1
prabhakar,1
pehchan,1
poisons,1
garbage,1
small,1
seeing,1
fawad,1
nation,1
shaved,1
state,1
yaakh,1
khale,1
beard,1
zeher,1
hogyi,1
stiil,1
gandi,1
buwahahaha,1
majboor,1
hafsaww,1
ayii,1
ramtweets,1
jhut,1
find,1
khusiya,1
bant,1
clap,1
wrappers,1
trash,1
strength,1
mng,1
apani,1
cencer,1
sales,1
monh,1
haven,1
heard,1
lemon,1
grass,1
prefer,1
ahi,1
green,1
tea,1
talve,1
chatne,1
ajeeb,1
isski,1
cigrate,1
oral,1
reson,1
deth,1
pp,1
ranveer,1
backchodi,1
karnee,1
maryam,1
tambakoo,1
relax,1
churma,1
haiin,1
haraam,1
lekar,1
kesar,1
waisey,1
tume,1
movement,1
independence,1
majbur,1
crying,1
read,1
ghulam,1
yourdreamsareminenow,1
rulate,1
paaji,1
spoon,1
feeding,1
jahils,1
investigative,1
journalism,1
sources,1
abused,1
subhan,1
philosophy,1
corruption,1
karny,1
previously,1
karye,1
soche,1
kahye,1
halat,1
rajya,1
baatoki,1
pad,1
naendra,1
chut,1
tey,1
bolun,1
blindness,1
blind,1
rae,1
gender,1
mukesh,1
bewaqufon,1
sites,1
construction,1
yup,1
zada,1
wherein,1
initiated,1
badli,1
khaini,1
chahna,1
kissi,1
kesa,1
guy,1
nimbu,1
2nd,1
toothpaste,1
lg,1
1st,1
ads,1
maga,1
cahiye,1
narendra,1
thookoonga,1
rind,1
usake,1
poorwaj,1
lalach,1
islam,1
nana_nawaz,1
ghante,1
bayan,1
kaika,1
rpt,1
sogai,1
baje,1
uuthi,1
chaina,1
bhakave,1
taqat,1
tabha,1
bevkuf,1
chaa,1
hahahahhahahahahaa,1
raste,1
pae,1
tabka,1
sarkaar,1
bataye,1
raaste,1
unpar,1
barunbabu,1
nojwan,1
police,1
sharab,1
noutanki,1
funny,1
hunger,1
strike,1
iski,1
female,1
elaqon,1
manaye,1
mukhtlif,1
malum,1
chock,1
example,1
janhit,1
littering,1
mlas,1
mps,1
batwaya,1
bich,1
cleaning,1
pichkari,1
fish,1
tank,1
fishes,1
amug,1
bandi,1
puchti,1
dinbhar,1
youngster,1
chorke,1
ry,1
bahkaveme,1
ghumte,1
aajbhi,1
jobless,1
shariff,1
maila,1
maily,1
ugal,1
wapis,1
president,1
gatak,1
living,1
raheho,1
ajamkhan,1
rahaa,1
dekar,1
gaanay,1
sunay,1
feelingarab,1
yawallah,1
kaleja,1
preshan,1
karnay,1
qabool,1
hia,1
nikalnay,1
bacho,1
dusary,1
sings,1
sapno,1
aiza,1
nit,1
prinday,1
urny,1
usy,1
andat,1
jaana,1
jaao,1
ura,1
smaj,1
prinda,1
bsdk,1
rakhta,1
tsunami,1
rukega,1
tabdeeli,1
rahegi,1
insha,1
ptijeddahjunoon,1
itbp,1
mehrbaani,1
dusro,1
balki,1
manzoor,1
tabhi,1
tuh,1
yaaar,1
usme,1
aashani,1
yah,1
deghi,1
aaghe,1
mohhabat,1
brochures,1
their,1
sirf_n_jani,1
9900,1
does,1
badhakar,1
roya,1
khoof,1
ansu,1
peshoo,1
previous,1
nazro,1
null,1
void,1
faasla,1
juban,1
chubi,1
dhan,1
bur,1
tan,1
demand,1
humaaraaaa,1
kasooor,1
hamere,1
bhoola,1
thinking,1
luta,1
thinh,1
faisalabad,1
jispar,1
vadon,1
bihar,1
santoshkuswaha,1
loksabhamp,1
purnea,1
nitishkumar,1
samparkyatra,1
sukanya,1
sabke,1
achhi,1
shayeri,1
samajhna,1
devi,1
sitara,1
waalon,1
chaahne,1
hmne,1
matlabi,1
hunar,1
laajawab,1
saree,1
shreef,1
robert,1
vm,1
bachay,1
slogan,1
kasoor,1
relation,1
kid,1
asc,1
buddhi,1
badaam,1
hogya,1
wasy,1
ar,1
rehman,1
mary,1
wedding,1
grover,1
ashok,1
ay47fdeclx,1
villian,1
dek,1
chingari,1
lagakar,1
hass,1
diin,1
45member,1
arjun,1
asha,1
sayani,1
kudi,1
jharokha,1
chiye,1
khwaabon,1
slow,1
pharmaciston,1
wasiyyat,1
diploma,1
haqq,1
jawaab,1
vipassana,1
berojgaar,1
neta,1
adhoore,1
bigerta,1
zrra,1
haraamkhor,1
hamiiya,1
thq,1
uttarakhand,1
lagne,1
sachcha,1
guzara,1
khule,1
senti_mood,1
charcha,1
darza,1
churaya,1
khwaab,1
jagaya,1
dekhiye,1
ruko,1
lamho,1
drop,1
gujre,1
promise,1
nzren,1
8058062035,1
humare1000,1
saawan,1
air,1
milne,1
xx,1
arijitsingh,1
mohabbbat,1
winter,1
bnakr,1
isle,1
jaoge,1
feed,1
praneet,1
kahati,1
chota,1
akar,1
yoon,1
karib,1
jald,1
ajma,1
chhodh,1
kiran,1
tuo,1
ashoka,1
jaggey,1
sanana,1
jare,1
pawan,1
jah,1
joothe,1
kattoti,1
ktc,1
screening,1
howdy,1
gooooners,1
chizo,1
absolutely,1
chodo,1
wada,1
jada,1
mehmand,1
daltey,1
janazey,1
iqbal,1
chalne,1
akely,1
rasm,1
mae,1
khabees,1
pachtao,1
kiun,1
tujse,1
aunga,1
twittr,1
usiliye,1
jamane,1
behatar,1
tjhse,1
seedha,1
faced,1
familyantakshri,1
annukapoor,1
nauknkishala,1
seen,1
sharnsh,1
double,1
asoor,1
aapse,1
behave,1
singer,1
deni,1
pardesi,1
waqar,1
atal,1
awo,1
javeed,1
lala,1
directed,1
presents,1
hungama,1
texting,1
mah,1
mrng,1
koii,1
behaal,1
production,1
aniruddhahimanshuroy,1
hehehehe,1
saher,1
kusoor,1
aadt,1
jalte,1
ksur,1
pighalti,1
saikibitiya,1
learn,1
yessir,1
amitshah,1
najm,1
sajdah,1
adaa,1
dec,1
nikli,1
laal,1
mirchi,1
danda,1
shatir,1
bhen,1
hrd,1
wrk,1
nigs,1
bttm,1
wohoo,1
actor,1
mch,1
siway,1
gets,1
eliminated,1
tmrw,1
pick,1
bf,1
larnay,1
cheeze,1
ussay,1
hurrr,1
pas,1
dhal,1
gsyabhagoda,1
bhah,1
dilhi,1
ringtone,1
49,1
layeenge,1
cnwk,1
toofan,1
janlokpal,1
dinon,1
bewafaun,1
zikar,1
ethanol,1
mehfil,1
jhuk,1
sarr,1
tumhaara,1
sarcasm,1
daali,1
daalti,1
goin,1
piyu,1
grin,1
saw,1
spoof,1
methanol,1
mahmood,1
spoofin,1
kappors,1
classic,1
jiroo,1
ramji,1
olivergiroud,1
nishi,1
chemistry,1
spotted,1
babuji,1
khabi,1
akbhar,1
babitaji,1
frount,1
mohabat,1
instant,1
karma,1
suno,1
lout,1
channd,1
wud,1
suraj,1
baz,1
khake,1
dohkhay,1
matlb,1
bharosa,1
tujhpe,1
humy,1
details,1
team,1
apsy,1
rajniti,1
proof,1
karn,1
tofani,1
barish,1
tusti,1
gumraah,1
hut,1
doge,1
married,1
bndy,1
unhi,1
jaogay,1
beer,1
aabaad,1
bhagmodonbhag,1
mre,1
sajnaaa,1
tra,1
tute,1
mqmterrorist,1
banary,1
lovemunawarhassan,1
ijtamaeaamji,1
tre,1
jure,1
4cgmraxldb,1
takribane,1
45,1
lakhs,1
makaan,1
banaya,1
bra,1
ghusa,1
tumari,1
offline,1
chaya,1
friends,1
recognize,1
mammoth,1
task,1
dheswara,1
anindya,1
months,1
modified,1
semarangnya,1
ghodi,1
chad,1
mufti,1
gadhay,1
besok,1
shaheed,1
dhes,1
khujli,1
bait,1
walid,1
hamko,1
shaniwar,1
wash,1
mouth,1
dettol,1
patshala,1
pado,1
bichi,1
chuso,1
kk,1
khaa,1
ohkk,1
soya,1
kutton,1
charge,1
talaash,1
bhaonktey,1
rehtey,1
rulata,1
rastey,1
jabse,1
haddi,1
dalo,1
pohnch,1
skty,1
mujpey,1
bhonkney,1
suar,1
jaagata,1
raaton,1
punjab,1
hmaray,1
programme,1
horai,1
safai,1
adhi,1
ganda,1
ajate,1
baggi,1
note,1
wehmi,1
patrakar,1
poonch,1
hilatey,1
suppose,1
seriusly,1
shanivaar,1
wajah,1
puche,1
tonight,1
raheem,1
bachpaney,1
sakoon,1
huyi,1
perveenshakir,1
gunaho,1
aakho,1
asad,1
milna,1
roo,1
aayeto,1
shayd,1
utar,1
tik,1
pati,1
aasu,1
logic,1
sojao,1
kho,1
ill,1
sick,1
pakd,1
bimari,1
pilot,1
banu,1
nasonewali,1
sutta,1
huye,1
jahaz,1
bangya,1
fantastic,1
samjhun,1
nakhane,1
celebrity,1
dull,1
uorn,1
diandra,1
toishi,1
thts,1
fighting,1
wit,1
diayan,1
janey,1
dhoondhti,1
aankhein,1
rafi,1
rati,1
imcwf,1
shaanivaar,1
sojati,1
zda,1
pokct,1
money,1
jaagu,1
chiz,1
supernatural,1
karien,1
stalker,1
ratri,1
soja,1
sei,1
offff,1
sunte,1
maut,1
bhulane,1
khushiya,1
hazaro,1
bahen,1
syad,1
aaraha,1
awaz,1
uthai,1
senorita,1
anyways,1
soyegi,1
muskurate,1
rote,1
isme,1
likhta,1
yawning,1
heavy,1
doormat,1
ankush,1
chudne,1
huwa,1
maal,1
1000000,1
salute,1
whoever,1
started,1
doose,1
base,1
waalo,1
bethaa,1
srkianssalmaniacst,1
zalim,1
hug,1
goalkeeper,1
goal,1
bheeg,1
according,1
aedosto,1
returned,1
najuk,1
uda,1
saturday,1
omg,1
childhood,1
normal,1
lots,1
jaya,1
entire,1
hilaye,1
karre,1
awesome,1
komal,1
atey,1
lvnqopwq6a,1
dhamaal,1
macha,1
kapilian,1
prayin,1
blessd,1
fekne,1
guide,1
saahil,1
miltay,1
guyz,1
khushboo,1
hawaaon,1
bhare,1
kaliyaan,1
sharmaati,1
haaye,1
nyt,1
mujjse,1
kpi,1
narazgi,1
mujje,1
ghalti,1
sorryyyyy,1
congratsssssss,1
dream,1
dekhny,1
pabandi,1
lgi,1
uthna,1
ayi,1
pakke,1
ah,1
doctor,1
ayegii,1
acchi,1
bulaya,1
chans,1
rally,1
fast,1
summer,1
aayegii,1
lekan,1
inhu,1
chalan,1
form,1
chuss,1
recommend,1
shaed,1
waalii,1
kardiya,1
agakhan,1
sukun,1
raatko,1
charging,1
fine,1
arts,1
azaab,1
memory,1
shikwe,1
khraab,1
shan,1
ammi,1
dhundla,1
bhej,1
aaina,1
knorr,1
noodles,1
jan,1
bananay,1
haseen,1
lauuuu,1
sukhispecial,1
sandwich,1
wafers,1
chitthi,1
jaayegi,1
karon,1
125,1
fvrt,1
muahhh,1
bhiiii,1
strange,1
aaapppkooooo,1
uraathay,1
shak,1
tmhre,1
lyea,1
mazaak,1
bichare,1
uss,1
ashiqo,1
leythay,1
chaskay,1
facebook,1
bikhar,1
couple,1
park,1
neighbor,1
inhone,1
lia,1
indianstyle1d,1
coffee,1
eeeh,1
chalti,1
aftertaste,1
chuntay,1
cheenkein,1
flu,1
gd,1
maja,1
rootho,1
shay,1
padsnd,1
agayi,1
buhoot,1
tmlogo,1
aalam,1
snap,1
hansi,1
heo,1
tooo,1
attention,1
seeker,1
kun,1
laging,1
pakay,1
teenday,1
interested,1
agay,1
pohancho,1
favorite,1
khajjal,1
geetadutt,1
vaddhaa,1
supnaaaaa,1
papapa,1
aesi,1
likhun,1
lessons,1
lafzon,1
book,1
kameene,1
jalane,1
oman,1
gurudev,1
aseem,1
mns,1
kerte,1
didnt,1
sometime,1
gadbad,1
suddenly,1
akelepan,1
kerva,1
fraud,1
isleye,1
areey,1
kahta,1
likhti,1
evict,1
belive,1
bah,1
gober,1
dabaata,1
brother,1
sadiyon,1
jiska,1
tekedar,1
besabri,1
pul,1
gym,1
aagayi,1
banne,1
30th,1
hastinapur,1
perfection,1
queen,1
earth,1
planet,1
awesomest,1
um,1
tauba,1
karloun,1
rana,1
kumbh,1
mela,1
escorts,1
grateful,1
dhanyawaad,1
ahmedfaraz,1
razdaar,1
cheer,1
weekendkavaarwithsalman,1
khulle,1
zikr,1
shehr,1
ahead,1
parhe,1
degi,1
sound,1
char,1
shammoliat,1
sou,1
jaongi,1
hour,1
sakun,1
hochuka,1
waesey,1
ggmu,1
bhashan,1
lucky,1
predictable,1
chutiapa,1
bolkar,1
confirm,1
missed,1
robinhood,1
feet,1
among,1
pahli,1
alcohol,1
gaadi,1
drive,1
ajib,1
lug,1
florida,1
distribute,1
canada,1
rob,1
lugta,1
aapna,1
contact,1
kosis,1
jeetege,1
naraz,1
economics,1
faaad,1
dooo,1
jamaat,1
lefty,1
slut,1
mne,1
legend,1
gadhey,1
shahzadian,1
fail,1
bethy,1
chhorron,1
helicopter,1
goodnight,1
sm,1
marna,1
aapk,1
keechar,1
dilli,1
jesy,1
diwaali,1
kyaa,1
kesay,1
bach,1
loverubse,1
aisy,1
sherali,1
weekly,1
mubark,1
simran,1
receiving,1
error,1
mor,1
sunaya,1
spotify,1
itana,1
daniel,1
myself,1
impossible,1
makng,1
dis,1
conviction,1
faltugiri,1
quota,1
soyi,1
taak,1
utna,1
topic,1
led,1
piers,1
lost,1
kher,1
neechay,1
badle,1
blankets,1
rakhte,1
rakhiye,1
jayiye,1
gul,1
jantey,1
hoya,1
krny,1
tryna,1
figure,1
honest,1
wearin,1
nidar,1
bebak,1
awkward,1
ana,1
tikegi,1
watching,1
building,1
bawbag,1
galaxy,1
mall,1
uphar,1
voted,1
popkorn,1
fud,1
naak,1
waali,1
khaan,1
playing,1
platform,1
which,1
troubles,1
bigkhanreception,1
yoyo,1
dancing,1
noor,1
samya,1
jali,1
islie,1
chakki,1
waqai,1
poz,1
ajj,1
khade,1
banate,1
behtreen,1
ookaat,1
copy,1
crap,1
dikhegi,1
cong,1
research,1
kicking,1
perha,1
card,1
lafz,1
batate,1
presentation,1
degree,1
challis,1
paseena,1
grrrrrr,1
turnover,1
24th,1
kiraaye,1
720p,1
mantrimandal,1
vistaar,1
precap,1
shivsena,1
bhaajapa,1
mantri,1
suhani,1
parfuum,1
geurige,1
geen,1
whi,1
phanse,1
limit,1
ayega,1
bor,1
chuka,1
madharchoooooood,1
kejriwall,1
jisdin,1
shabado,1
taweet,1
dekhkar,1
bhagega,1
nautanki,1
shabad,1
aankho,1
anso,1
paraathe,1
glass,1
chutney,1
backhand,1
harr,1
ghusne,1
trying,1
giveaway,1
naaa,1
karlsson,1
gaali,1
hahahahaabha,1
middle,1
raid,1
hilega,1
thorough,1
sequence,1
nightmare,1
bharatiya,1
hitler,1
maante,1
germindia,1
chhodo,1
bases,1
gadhe,1
bhera,1
kushiyon,1
maheboob,1
kabar,1
nawazay,1
dhundti,1
fazal,1
marta,1
ghadi,1
56,1
inch,1
chati,1
rakaha,1
kerala,1
justaguess,1
nehru,1
maj,1
sandeep,1
unikrishnan,1
sacrifice,1
26,1
aashqon,1
akhri,1
4rm,1
thm,1
ward,1
sthano,1
chalaya,1
swachta,1
abhiyan,1
hatvaye,1
kude,1
skills,1
afridi,1
gaaliyan,1
khani,1
padegi,1
possession,1
anusar,1
rday,1
puck,1
dismay,1
srkian,1
expressing,1
followed,1
salmankhan,1
aaree,1
guessing,1
steps,1
connectivity,1
khul,1
himesh,1
goallllllllllllllllllllllllll,1
khopdi,1
istemaal,1
shahi,1
madrid,1
eibar,1
eibvsrealmadrid,1
badla,1
pakistanio,1
360,1
sheshay,1
milay,1
tried,1
semifinal,1
deewani,1
ended,1
mental,1
mohobbat,1
practical,1
hanuman,1
lanka,1
barbad,1
rohit,1
division,1
niyat,1
koshish,1
kamiyabi,1
nikhle,1
35,1
beat,1
wolves,1
field,1
asar,1
ford,1
clarkston,1
kitny,1
dinu,1
bongi,1
mari,1
meraaj,1
larkin,1
seenay,1
peet,1
unhain,1
iqtidaar,1
2kuszlemdp,1
aslam,1
maybe,1
favouring,1
commercial,1
zindaagi,1
wanted,1
spread,1
pasha,1
uthni,1
nashai,1
being,1
following,1
rawalpindi,1
daish,1
wajood,1
ladho,1
mumalik,1
muzakrat,1
maiz,1
chaudhary,1
nisar,1
baqwas,1
srkianssalmani,1
bhejiye,1
batata,1
phadday,1
nachega,1
adhay,1
career,1
dehaiyaan,1
decades,1
nikale,1
tmhare,1
guzre,1
isaro,1
novemeber,1
gillani,1
december,1
haarne,1
kisike,1
kaarunga,1
keliye,1
season,1
bje,1
aaungi,1
ol,1
bhooto,1
pichle,1
jeeti,1
aches,1
rigged,1
fouj,1
voting,1
bolegi,1
mooh,1
chutya,1
gande,1
muqaable,1
karein,1
warning,1
chalegi,1
till,1
engg,1
lyf,1
sucks,1
buddy,1
padho,1
dosra,1
munawarhasan,1
bayaan,1
50,1
anchors,1
kiyon,1
osne,1
eske,1
chowk,1
pachtaogay,1
tujhy,1
dho0ndti,1
aankhain,1
sochenge,1
jiyenge,1
aglee,1
happyending,1
sweetshortmovie,1
baee,1
terms,1
timing,1
confusion,1
asked,1
dostoo,1
dint,1
bakhair,1
tweeted,1
shab,1
carry,1
souti,1
network,1
chupany,1
chupa,1
hmmmmmmmmmmm,1
conntcn,1
ntwork,1
38,1
wik,1
kik,1
ia,1
overthinking,1
gee,1
chahye,1
ilm,1
gayii,1
other,1
aagay,1
lashaie,1
tereh,1
esko,1
wazeer,1
rekha,1
koliwada,1
kise,1
shirt,1
utharwai,1
objection,1
shabash,1
bhtt,1
achii,1
bachii,1
qmobile,1
bail,1
singing,1
melody,1
composed,1
arjuna,1
harjai,1
lrgj2slpyi,1
bendi,1
hunga,1
ni8,1
magician,1
tunne,1
kandhe,1
chukaya,1
mehrbaan,1
ohhh,1
sahii,1
umer,1
uni,1
becharay,1
va,1
rhaay,1
huaaa,1
mazdooro,1
makah,1
rahin,1
bedroom,1
loot,1
chorde,1
heh,1
mang,1
hakumat,1
trhaa,1
khairat,1
alreay,1
mal,1
lod,1
parso,1
mese,1
ticket,1
set,1
lalitaji,1
wattooo,1
sirdi,1
thur,1
palkhi,1
bolte,1
juda,1
begum,1
htt,1
hosakta,1
lagya,1
doran,1
project,1
lagay,1
mohallr,1
galli,1
nukar,1
rata,1
sargodha,1
shameonpmln,1
shukarrr,1
nature,1
lahore,1
tumhain,1
urdta,1
taara,1
ooncha,1
nara,1
boota,1
chalenge,1
translator,1
roti,1
receive,1
aese,1
dosry,1
farsi,1
easy,1
tme,1
holiday,1
mullayum,1
sickuliars,1
silent,1
manhoos,1
maths,1
nus,1
awwww,1
arsalan,1
merabaan,1
ownership,1
vrimar,1
iv,1
reporting,1
awsome,1
justifies,1
safaa,1
phle,1
lkha,1
lite,1
registan,1
viran,1
ghalat,1
impression,1
tapta,1
amazingly,1
ess,1
mausan,1
shaid,1
asli,1
kharaab,1
jaayega,1
instead,1
buying,1
ghatiya,1
badalte,1
jannt,1
browser,1
install,1
lkn,1
finals,1
faker,1
pckage,1
abhe,1
ket,1
100rs,1
boondi,1
parshad,1
chadawa,1
teo,1
battery,1
ayesh,1
gharib,1
punta,1
tumbes,1
myambtmhkb,1
few,1
colors,1
sing,1
bheji,1
baddua,1
trps,1
assar,1
hahahahha,1
chapraasi,1
duty,1
nibha,1
taanga,1
sawaar,1
19,1
42,1
manutd,1
menang,1
huaaaa,1
friex,1
uthi,1
french,1
angrai,1
sauda,1
chandni,1
js,1
baab,1
xchii,1
shabab,1
azab,1
pathan,1
thanx,1
aataaa,1
tuta,1
top,1
saadi,1
babwa,1
sharing,1
skipped,1
brought,1
kersekti,1
kabee,1
wesay,1
wiyrkkjknh,1
jisko,1
thick,1
zanjeer,1
lati,1
wicked,1
shahar,1
shahr,1
daakhil,1
zindaa,1
bachu,1
spam,1
sharmata,1
naacho,1
saary,1
phaad,1
ekk,1
bhenchoo,1
interesting,1
parhta,1
saya,1
menambahkan,1
farq,1
daftar,1
putar,1
lagu,1
batak,1
dompak,1
sinaga,1
nama,1
parpudi,1
katrina,1
pachtava,1
babaji,1
grt,1
slapped,1
bolnay,1
guldasta,1
sahafion,1
fastest,1
cars,1
dekhney,1
samjhin,1
_rozana,1
kalma,1
parhne,1
eman,1
taza,1
kahani,1
ilaha,1
ilallah,1
muhammadur,1
rasul,1
darme,1
tazaad,1
lazmi,1
sawab,1
canal,1
dwara,1
rojgaar,1
bhavisya,1
kisano,1
liy,1
khulla,1
uthoge,1
sonay,1
blogger,1
keety,1
fer,1
khilana,1
blog,1
review,1
karoongi,1
ishara,1
taraf,1
sansar,1
haumhe,1
bjkt,1
krdy,1
ruks,1
salima,1
naal,1
tussi,1
bv,1
buch,1
dekhtay,1
lolzzzz,1
direct,1
karu,1
notifications,1
sid,1
uf,1
goals,1
tun,1
apnahathjagannath,1
haters,1
matbul,1
bailan,1
shmjti,1
bolke,1
bandra,1
tudwa,1
nazeem,1
jalwa,1
dikhane,1
wood,1
tki,1
km,1
aasani,1
sku,1
lagega,1
nhin,1
kmjor,1
karish,1
ijaazat,1
aazma,1
unique,1
karsakti,1
burai,1
salesman,1
salemn,1
sham,1
stfu,1
dan,1
puny,1
smiritji,1
marksheet,1
banvane,1
payagi,1
punter,1
jhuthhbola,1
sik,1
faayda,1
sekhke,1
strikes,1
roar,1
bo,1
sujawal,1
psf,1
zilly,1
sikhai,1
babu,1
plzz,1
woker,1
imaandaar,1
sarmaya,1
amarjumani,1
gauahar,1
hot,1
hainaa,1
ache,1
silencer,1
sarikatalwar,1
garm,1
siwayae,1
ladoge,1
ladke,1
lrkyon,1
nahane,1
janaab,1
teaser,1
mv,1
rickshaw,1
awards,1
sk,1
bhayia,1
mg,1
dibaca,1
chaloge,1
chayye,1
swargate,1
bwahahaha,1
mistake,1
dhoondo,1
sane,1
sallu,1
lade,1
beg,1
repeat,1
bengali,1
piku,1
malti,1
kee,1
raah,1
gungaan,1
america,1
diyega,1
victory,1
sabak,1
achar,1
khao,1
isse,1
jaika,1
tulsi,1
adrakh,1
zaror,1
pijie,1
aaram,1
ainda,1
elc,1
2018,1
hongy,1
intkhabat,1
jamat,1
karkrgdi,1
bunyad,1
janchny,1
imrn,1
amrici,1
sfir,1
drmian,1
pyara,1
sprt,1
zaahid,1
bandagi,1
ownr,1
zoya_khan,1
dukandar,1
ksi,1
dkh,1
galt,1
sawan,1
coas,1
muqabla,1
prachar,1
big_sports_id,1
test,1
over_by_over,1
odi,1
4_ball_bad,1
t20,1
2_ball_bad,1
updates_milega,1
40404,1
murph,1
replies,1
bahaduri,1
chukki,1
campaigner,1
jharkhand,1
gardi,1
response,1
manusmriti,1
vastav,1
samajhne,1
dalit,1
writer,1
version,1
padhunga,1
kewal,1
buraiyaan,1
negatives,1
finland,1
nokia,1
factory,1
outlet,1
khareed,1
discount,1
lautkar,1
seekhni,1
seekho,1
hamse,1
muskan,1
pataa,1
paana,1
ponka,1
anybody,1
deshat,1
bahadur,1
zulam,1
tareen,1
sequel,1
join,1
krou,1
nops,1
theak,1
azeem,1
supply,1
doohaa,1
vaise,1
lines,1
sj,1
naraaz,1
aazaad,1
waqti,1
husband,1
bhalayi,1
lartay,1
inaam,1
rehkar,1
samgha,1
parasti,1
masomiat,1
janay,1
udashone,1
lgay,1
mtlab,1
haiiii,1
confident,1
jbtw,1
shughal,1
annoyed,1
jayen,1
sabu,1
krdo,1
nahii,1
kiaa,1
toing,1
waloo,1
ilzam,1
jhingalala,1
judge,1
saheb,1
tee,1
company,1
teachr,1
usman,1
competition,1
kea,1
hamaray,1
zabardasti,1
tough,1
atio,1
haaji,1
khirki,1
kejriwal,1
darling,1
doston,1
fursat,1
laat,1
sikhaye,1
mare,1
bhoka,1
dengein,1
inmein,1
chahty,1
waisii,1
away,1
rakhen,1
maula,1
shanu,1
chittey,1
bholay,1
kahogy,1
banjaao,1
hwa,1
inkaar,1
samjhon,1
sarkaari,1
fucker,1
footballignorant,1
taxation,1
says,1
alien,1
burhan,1
cheeni,1
pheeni,1
samjhana,1
orignal,1
kanjar,1
ahaha,1
wadi,1
barwa,1
lannti,1
jeetne,1
target,1
shot,1
trst,1
adh,1
judgement,1
aan,1
roots,1
fair,1
court,1
achchhi,1
angrejji,1
jaroor,1
gehra,1
supream,1
vasundhra,1
ran,1
banaa,1
bhudi,1
lalu,1
nitesh,1
mulayam,1
sharda,1
jadav,1
budhi,1
taa,1
puchte,1
chupati,1
jatati,1
sochne,1
mansik,1
isthiti,1
bigad,1
kan,1
srkar,1
jalao,1
hater,1
charpai,1
khich,1
manal,1
pocho,1
khoobsurat,1
jamaati,1
cobra,1
zehreela,1
machar,1
alhamdulillah,1
reject,1
tmharey,1
vtrs,1
69,1
khobsorat,1
50age,1
jawano,1
handsam,1
mashaallah,1
bawajud,1
adds,1
feku,1
something,1
behenchod,1
goa,1
fanny,1
peg,1
peena,1
takk,1
smell,1
beh,1
winterkesideeffects,1
kaproo,1
wazarat,1
bachany,1
keley,1
rago,1
isley,1
ganja,1
wehshi,1
bangaya,1
sofia,1
baati,1
criminal,1
joker,1
standard,1
rakho,1
dikhawo,1
ta,1
chaley,1
piyara,1
maydan,1
ich,1
sha,1
rkha,1
tot,1
itny,1
tez,1
ikhtyar,1
waheyat,1
karakht,1
zuban,1
kisy,1
jaany,1
khwaiesh,1
8th,1
munafik,1
possible,1
ain,1
ubara,1
pyr,1
hii,1
sindhiyo,1
zahir,1
smjte,1
masi,1
defending,1
dimag,1
bajaye,1
girna,1
pelne,1
mazdoor,1
ujrat,1
satta,1
chaiy,1
question,1
sharjeel,1
chutiyapa,1
corner,1
kabi,1
meny,1
sake,1
garib,1
sakeaurkoi,1
bahoo,1
select,1
kharid,1
itunestrailers,1
roy,1
daina,1
ronit,1
absar,1
alam,1
taka,1
challange,1
btayen,1
okat,1
gutter,1
worm,1
gujranwalastan,1
family,1
gujranwala,1
pese,1
urati,1
hav,1
guts,1
assets,1
pasanad,1
taking,1
cmplt,1
thought,1
takreebna,1
sota,1
mazakh,1
cough,1
syrup,1
istemal,1
piye,1
tabiyat,1
doc,1
ruju,1
menay,1
tumhai,1
dekhaa,1
pehlay,1
payari,1
wont,1
daaru,1
h0tay,1
excited,1
shahzadians,1
exited,1
rota,1
newyork,1
purne,1
kaisy,1
krurika,1
certificate,1
deyna,1
besharami,1
hud,1
salabrety,1
mulak,1
tooter,1
ayn,1
neighbors,1
skoon,1
shero,1
everybody,1
dye,1
since,1
prep,1
gcse,1
react,1
op,1
sabsay,1
young,1
death,1
digest,1
trh,1
laparwahi,1
dakhal,1
khuwari,1
karogay,1
depressing,1
scary,1
yara,1
qus,1
subsay,1
kse,1
subhaa,1
tang,1
agee,1
marte,1
pregnant,1
imandaar,1
jayengay,1
rishtay,1
doulat,1
mohhaabbat,1
laate,1
hina,1
bole,1
apoun,1
nagrii,1
laatey,1
part,1
reader,1
03109831238,1
lambay,1
samay,1
questions,1
skti,1
jtna,1
chotay,1
dr,1
veena,1
two,1
totkay,1
gyan,1
bey,1
parle,1
biscuit,1
dooboyega,1
astaghfirullah,1
hamain,1
blke,1
ara,1
cheema,1
sahib,1
gunah,1
drunk,1
chars,1
hoa,1
jiyalunki,1
solve,1
nhn,1
shehbazsharif,1
orh,1
120k,1
fee,1
rs40k,1
ss,1
infinity,1
hahahahahha,1
darti,1
kharan,1
loadsheding,1
chadar,1
farham,1
pochne,1
sakth,1
risk,1
lolzzz,1
hudi,1
ittay,1
aqalmand,1
humour,1
jaty,1
sangeen,1
enough,1
ve,1
bb7,1
winner,1
tanhai,1
shocking,1
dala,1
tmny,1
aag,1
lagai,1
sharminda,1
lagg,1
masroof,1
sta,1
arhy,1
maj33d,1
ms,1
ly,1
dukhi,1
user,1
shyed,1
mazaq,1
maarthi,1
aathi,1
ayesha,1
chorana,1
hahhaha,1
math,1
baare,1
krn,1
hqi,1
farigh,1
bache,1
negative,1
jantay,1
ktd,1
mout,1
khe,1
chill,1
krain,1
gha,1
bhains,1
dharka,1
gurur,1
jayda,1
charche,1
sochny,1
dag,1
__dard,1
payega,1
confusing,1
duvidha,1
pradyuman,1
ake,1
tadaad,1
milaya,2
khala,2
aarha,2
luck,2
larkanaforpti,2
necklace,2
kio,2
hogaye,2
dhoka,2
calm,2
tmhari,2
jus,2
asan,2
laath,2
frnd,2
larkiyaan,2
walk,2
ego,2
aitraz,2
bb,2
sardiyo,2
mja,2
dikhao,2
jal,2
jala,2
rocking,2
eh,2
ghantay,2
rs,2
seems,2
bna,2
khobsurat,2
talash,2
inti,2
bewakoof,2
sex,2
qad,2
interest,2
esa,2
du,2
umid,2
aurat,2
kapil,2
pait,2
pereshan,2
hairaan,2
dede,2
bageerah,2
stopmarriagebill,2
month,2
said,2
been,2
bill,2
khatma,2
amendment,2
law,2
tweeter,2
karrahi,2
virgo,2
kren,2
mind,2
angry,2
rest,2
css,2
over,2
tayyar,2
paki,2
sch,2
marriage,2
sheikh,2
promo,2
payar,2
bachao,2
sakate,2
amir,2
2000,2
jin,2
marvi,2
loug,2
thee,2
tara,2
mazak,2
suit,2
gyaan,2
aab,2
wifi,2
lie,2
mashallah,2
houn,2
ungli,2
language,2
system,2
bolny,2
denay,2
subtweets,2
jga,2
zain,2
bisti,2
camera,2
gandu,2
osmaan,2
chahat,2
zindage,2
manzil,2
choro,2
making,2
kamzor,2
high,2
marijuana,2
nagin,2
padhta,2
betna,2
kind,2
hours,2
urh,2
moviez,2
kiye,2
yadon,2
deewana,2
kisne,2
kahte,2
foj,2
lohia,2
inni,2
vi,2
amazing,2
bhabhi,2
hindu,2
mandi,2
heera,2
kew,2
isay,2
afcvmufc,2
simple,2
mother,2
jama,2
owaisi,2
pilla,2
dishwasher,2
bhouk,2
award,2
fuck,2
emirates,2
salamat,2
win,2
issi,2
yh,2
jaon,2
rasta,2
own,2
pakora,2
unfair,2
ups,2
muj,2
dunia,2
urdupoetry,2
kehnay,2
humko,2
hamein,2
ghanta,2
wife,2
verse,2
total,2
aaney,2
soye,2
qaum,2
kaya,2
rallies,2
laanat,2
qismat,2
pappu,2
nuff,2
dey,2
jaogi,2
marny,2
cake,2
personal,2
chat,2
aashiqui,2
jaun,2
surat,2
mulaqat,2
explain,2
soup,2
pucha,2
thankyou,2
bohut,2
namaste,2
ladai,2
aamir,2
answer,2
road,2
waja,2
walas,2
watch,2
paya,2
rok,2
dobara,2
cmnt,2
lmao,2
pichay,2
sary,2
achasorry,2
taklla,2
kamal,2
ppp,2
hogeya,2
jat,2
rabdino,2
movie,2
ilaj,2
thenga,2
board,2
cheep,2
play,2
krrha,2
hahahha,2
nepali,2
shok,2
jhuke,2
kulli,2
gulati,2
zaroor,2
patanai,2
bbfans,2
drink,2
unbelievable,2
arrest,2
isl,2
awl,2
hahahahah,2
bec,2
plan,2
friendz,2
bhe,2
getting,2
kismat,2
ca,2
giya,2
insist,2
gappe,2
gol,2
krty,2
abey,2
kroge,2
sekh,2
lagate,2
snd,2
ri,2
politicians,2
maje,2
lifafa,2
ff,2
epic,2
khatarnak,2
video,2
mujhey,2
purani,2
dein,2
human,2
aunty,2
vahi,2
milk,2
ba,2
wahi,2
talli,2
eyes,2
front,2
arpita,2
im,2
humne,2
sleep,2
level,2
kitab,2
talking,2
united,2
lu,2
dosh,2
message,2
tenu,2
score,2
shared,2
gw,2
eyeball,2
aadmi,2
gou,2
avi,2
hotel,2
gonawazgo,2
restaurant,2
karobar,2
behlany,2
social,2
download,2
deya,2
link,2
guftugu,2
loog,2
attitude,2
achay,2
batadiya,2
th,2
mehrabaan,2
daily,2
nazuk,2
paida,2
buhat,2
bulbulay,2
buds,2
msg,2
thukra0,2
t0,2
dh0ndty,2
janab,2
door,2
scene,2
reha,2
jayada,2
ja0,2
khaye,2
gustakhii,2
saza,2
khusi,2
politics,2
marty,2
meherbaan,2
nikala,2
pehla,2
ahad,2
bazar,2
7284,2
loved,2
khafa,2
nashay,2
dushman,2
sunta,2
rate,2
gaddari,2
raghu,2
13,2
nipta,2
fatafat,2
jaaga,2
unse,2
shayad,2
blocked,2
humnay,2
graduation,2
kat,2
hangthem,2
islamabad,2
banji,2
shameonji,2
deekha,2
lakh,2
iman,2
jack,2
layee,2
rhen,2
let,2
complete,2
zinda,2
pechan,2
coming,2
dikhana,2
mutual,2
bolengy,2
uskey,2
expect,2
apse,2
srkianssalman,2
bachy,2
bollywood,2
puchengy,2
bhala,2
gyb,2
sawal,2
arab,2
prblm,2
irejectpti,2
hogaey,2
positive,2
international,2
ending,2
here,2
cuz,2
pmln,2
guys,2
bechara,2
released,2
harshika,2
khabar,2
wonderful,2
wonder,2
sharma,2
things,2
rearrange,2
gari,2
yani,2
body,2
niral,2
uani,2
chaiye,2
indian,2
kyonki,2
dher,2
karuga,2
swt,2
pel,2
rehmat,2
jita,2
sunuga,2
luga,2
ignore,2
khus,2
german,2
boro,2
parade,2
cbi,2
mjhy,2
akkians,2
tereko,2
bhut,2
hari,2
chalu,2
lay,2
lelo,2
haaan,2
ldki,2
selfish,2
nt,2
mukhtasar,2
saa,2
raaz,2
jiyaa,2
dagaa,2
baaz,2
already,2
jaaegi,2
clear,2
aake,2
2014,2
jaisy,2
bowled,2
honay,2
believe,2
kirno,2
times,2
khali,2
uff,2
40,2
public,2
report,2
cousin,2
kara,2
paste,2
jaoo,2
ussko,2
chu,2
aaoo,2
patel,2
jaghta,2
sotaa,2
alag,2
tarika,2
hear,2
manti,2
shareef,2
idhar,2
dheet,2
karenge,2
fatima,2
cinema,2
tut,2
fariston,2
voh,2
least,2
applied,2
sonali,2
tay,2
awww,2
sawaal,2
khairaat,2
uth,2
hahahahahah,2
taarey,2
rather,2
rational,2
frm,2
dum,2
knw,2
daba,2
dumb,2
ghadar,2
army,2
future,2
tho,2
riaz,2
ch,2
shakuni,2
es,2
25,2
kra,2
lgta,2
rakhe,2
24,2
jarur,2
hmmmm,2
gauhar,2
dinner,2
fellaini,2
thik,2
religion,2
could,2
aagar,2
messi,2
twinkle,2
wenger,2
krk,2
lenge,2
farokht,2
ayegi,2
need,2
bahir,2
weekend,2
marne,2
famous,2
chupke,2
sochynge,2
tujh,2
dekhenge,2
chahte,2
barcelona,2
jahaan,2
aani,2
sukoon,2
da,2
parties,2
bhanji,2
has,2
shahzad,2
any,2
baaqi,2
awaargi,2
ahmed,2
sadar,2
abay,2
aonga,2
jaigi,2
misdeeds,2
resign,2
nov,2
kasam,2
truth,2
aut,2
chahtay,2
naughty,2
lyk,2
insult,2
bakwas,2
44,2
ehsaas,2
umide,2
returning,2
ajaye,2
kasar,2
isn,2
myri,2
joo,2
chaye,2
waste,2
maze,2
padenge,2
hindi,2
choos,2
listening,2
latest,2
bhosda,2
loda,2
lot,2
shoq,2
bhinderwala,2
huway,2
dhoondte,2
kamini,2
hans,2
kch,2
bye,2
bheegi,2
bai,2
pathar,2
temp,2
jaata,2
moti,2
gaand,2
tmsy,2
un,2
girfriend,2
maile,2
afsoos,2
bss,2
tareef,2
mr,2
kaunon,2
nahee,2
pahunch,2
break,2
kehti,2
bachaye,2
bhee,2
baki,2
abbu,2
crore,2
adani,2
daur,2
krishna,2
botany,2
utni,2
gham,2
paani,2
ans,2
trust,2
followers,2
campaign,2
mota,2
bheja,2
muhabbton,2
shadiyan,2
thoughtful,2
hahahahahahaha,2
ghayab,2
kahin,2
stay,2
dinn,2
tumharee,2
dj,2
train,2
jaey,2
luvuhamesha,2
sara,2
tbhi,2
khuwaab,2
them,2
means,2
huge,2
home,2
fact,2
kaho,2
bolti,2
khoob,2
asaan,2
randi,2
coat,2
sec,2
khwabon,2
pig,2
rehte,2
khoon,2
kyoon,2
hogye,2
saala,2
hn,2
history,2
btao,2
ebola,2
mafia,2
fifa,2
bre,2
bhaag,2
unblock,2
shanivar,2
raati,2
parhega,2
donon,2
gussa,2
behan,2
jaag,2
mir,2
thak,2
gauti,2
aram,2
ata,2
charas,2
tare,2
qatil,2
hamid,2
kre,2
aayi,2
tasalli,2
khilaf,2
rhy,2
kutta,2
lets,2
khuwab,2
lgti,2
hisaab,2
gonna,2
pagli,2
wow,2
phaink,2
room,2
weather,2
tw,2
walay,2
howa,2
masjid,2
roses,2
made,2
bhonkne,2
haen,2
shohrat,2
gandhi,2
soon,2
salo,2
gujar,2
rokar,2
sokar,2
vadra,2
drd,2
jisn,2
meet,2
khokr,2
kaminey,2
kyunki,2
bachi,2
sochta,2
jise,2
kion,2
filhal,2
gaana,2
past,2
ankhein,2
cid,2
pakka,2
thingsnoonesays,2
khawab,2
sirajulhaq,2
tell,2
hehe,2
hatho,2
pahle,2
jitne,2
inki,2
fat,2
inke,2
late,2
cross,2
akhilesh,2
insaano,2
action,2
priya,2
waiter,2
pizza,2
insta,2
ziada,2
club,2
ball,2
kitna,2
aapiye,2
sapne,2
mullon,2
milke,2
tumse,2
jayein,2
jodha,2
arsmun,2
himmat,2
definitely,2
kou,2
players,2
esliye,2
masti,2
return,2
page,2
breaking,2
kardi,2
marein,2
congress,2
subhangi,2
mad,2
teeno,2
thaa,2
inka,2
users,2
tohfa,2
roye,2
moka,2
left,2
marry,2
fdmr,2
ansari,2
salamuddin,2
kv,2
ruk,2
lagi,2
tuaha,2
baten,2
bahuto,2
acharan,2
imandari,2
prati,2
sankalp,2
fun,2
hw,2
mazza,2
sadiyun,2
tashnagi,2
doctors,2
jhuka,2
rts,2
some,2
rahti,2
doubt,2
manta,2
duur,2
akhiyon,2
yun,2
old,2
hoke,2
power,2
upar,2
niti,2
lye,2
ad,2
gar,2
dariya,2
block,2
unhone,2
jante,2
ada,2
muskura,2
tarp,2
bhook,2
ary,2
janam,2
together,2
marr,2
foran,2
aankhe,2
fever,2
himself,2
doesn,2
pay,2
bakwaas,2
dhyan,2
ghaas,2
jitna,2
mention,2
hv,2
mufc,2
maaro,2
san,2
gaa,2
sooo,2
faraz,2
jaanaa,2
gaey,2
beautiful,2
saamne,2
sare,2
channels,2
everyone,2
saying,2
chehra,2
kiska,2
mulakat,2
karoge,2
ll,2
bidi,2
star,2
majority,2
5millionshanatics,2
karwa,2
paro,2
tumne,2
chaini,2
naahi,2
faltu,2
kehne,2
raaj,2
bank,2
policy,2
either,2
bachon,2
babloo,2
women,2
compartmnt,2
haath,2
tujhse,2
3rd,2
ppl,2
khaane,2
ahaan,2
chori,2
naya,2
spitting,2
iphone,2
used,2
pade,2
inheritance,2
mgr,2
had,2
bni,2
rhay,2
jaisi,2
general,2
dino,2
shukria,2
pritam,2
selling,2
pareshan,2
boobs,2
ragad,2
listen,2
te,2
chod,2
title,2
sunil,2
poora,2
plastic,2
guess,2
products,2
ajnabi,2
type,2
kharab,2
jagjitsingh,2
check,2
raato,2
rona,2
bewafa,2
around,2
dosto,2
achanak,2
likhte,2
khon,2
manga,2
waisy,2
chahe,2
unfollow,2
shops,2
near,2
khas,2
batain,2
evening,2
banany,2
pada,2
seance,2
pvt,2
cancer,2
pena,2
merit,2
buri,2
geya,2
bhara,2
paper,2
arabic,2
aajaye,2
hell,2
finished,2
sindhis,2
jahil,2
mushraf,2
iske,2
lao,2
khanay,2
bakrian,2
swachhbharat,2
bheir,2
lutate,2
eating,2
aahista,2
streets,2
books,2
chale,2
smoking,2
ise,2
bewaqoof,2
sone,2
mey,2
chuki,2
namak,2
nasha,2
kabool,2
karlo,2
merakyajaata,2
adjust,2
7wa,2
deshi,2
hogy,2
deen,2
chai,3
baithey,3
hm,3
food,3
wapas,3
khi,3
judai,3
paan,3
tuk,3
khair,3
batein,3
walo,3
house,3
tobacco,3
key,3
dharna,3
isiliye,3
modiji,3
masoom,3
bs,3
cm,3
bolne,3
gye,3
hogai,3
garibon,3
kardo,3
madam,3
bhag,3
lena,3
against,3
bhool,3
deedar,3
sunna,3
kaisay,3
hosh,3
lota,3
nam,3
muh,3
bataoo,3
17,3
barsaat,3
abid,3
asal,3
letsfootball,3
dark,3
hae,3
peeche,3
biwi,3
kyon,3
vala,3
puneet,3
aana,3
karunga,3
bura,3
november,3
sindh,3
musalman,3
aaoge,3
batao,3
cool,3
ghr,3
dam,3
tor,3
hahah,3
rahenge,3
kerta,3
jese,3
tumsayachakaunhai,3
long,3
waha,3
sarah,3
govt,3
meray,3
bta,3
ud,3
health,3
tight,3
goes,3
bante,3
kahinge,3
down,3
jitni,3
pura,3
sheir,3
healthy,3
biggboss8,3
kiss,3
bane,3
udhar,3
credit,3
much,3
local,3
la,3
chuke,3
idea,3
chaahiye,3
pakistani,3
dar,3
hoge,3
haq,3
aae,3
drama,3
ht,3
galiyon,3
shehar,3
iykwim,3
baatein,3
rehty,3
sth,3
kartay,3
hamare,3
hoty,3
moqa,3
town,3
aagaya,3
mushkil,3
intezaar,3
maen,3
sher,3
bday,3
chahne,3
send,3
bolna,3
abuse,3
change,3
larkiyon,3
waala,3
li,3
tujhay,3
aayega,3
abba,3
num,3
teray,3
ever,3
memon,3
doing,3
chacha,3
waps,3
meeting,3
sardi,3
doon,3
larkana,3
alone,3
give,3
chahta,3
emo,3
parents,3
tanna,3
min,3
jhoot,3
market,3
chali,3
kbi,3
wearewithhaq,3
enjoy,3
tweeting,3
barsa,3
samjha,3
haney,3
thank,3
dunga,3
chodi,3
rah,3
yakeen,3
kaisi,3
amma,3
city,3
hind,3
nawab,3
hisab,3
kadar,3
dalega,3
article,3
mje,3
purana,3
lagte,3
rakhti,3
aane,3
boli,3
jatay,3
tameez,3
first,3
honi,3
mareez,3
jeevan,3
dukaan,3
zyada,3
words,3
bolega,3
rahega,3
rofl,3
subah,3
baqi,3
sal,3
jani,3
end,3
mtlb,3
hoi,3
online,3
khol,3
haar,3
garam,3
songs,3
aapne,3
die,3
car,3
pune,3
right,3
khaya,3
shuru,3
bujhti,3
mulk,3
better,3
tutega,3
jrur,3
dhokhe,3
pora,3
denge,3
mobile,3
sona,3
bhaijaan,3
sadlife,3
maaf,3
dada,3
problem,3
laya,3
yes,3
thullu,3
call,3
tumare,3
mast,3
hone,3
number,3
dijiye,3
thek,3
atay,3
jaati,3
ohh,3
gand,3
god,3
dur,3
wilshere,3
bahar,3
intezar,3
hoye,3
cousins,3
salmaniacs,3
unke,3
waly,3
punjabi,3
hogaya,3
did,3
aansu,3
aakhir,3
fayda,3
actually,3
celeb,3
class,3
sanskrit,3
damn,3
low,3
stupid,3
barbaad,3
behind,3
dance,3
parha,3
pandit,3
mayyat,3
shit,3
him,3
hmare,3
chup,3
sena,3
ask,3
heart,3
ay,3
attack,3
gn,3
toot,3
jhoothe,3
boss,3
college,3
mail,3
id,3
pace,3
breakup,3
beech,3
aaiye,3
address,3
jaisay,3
ney,3
aray,3
bhae,3
hou,3
walon,3
ajkal,3
lagana,3
inteha,3
want,3
daru,3
dafa,3
full,3
channel,3
weight,3
aankh,3
morning,3
hal,3
soo,3
serious,3
kum,3
should,3
ahmad,3
years,3
moon,3
taj,3
nafrat,3
bilawal,3
zindgi,3
student,3
sahab,3
ashu,3
rehne,3
luv,3
jealous,3
dekhta,3
rich,3
shop,3
poor,3
krun,3
shaadi,3
rahein,3
__,3
hogayi,3
30,3
line,3
smjh,3
kbhi,3
dkha,3
stadium,3
pher,3
sai,3
sanam,3
likhi,3
abi,3
hogae,3
humare,3
nahe,3
even,3
keya,3
kese,3
those,3
exams,3
proud,3
dilbar,3
khatm,3
garmi,3
sister,3
jb,3
work,3
hahahah,3
bete,3
would,3
pa,3
ishq,3
dear,3
haina,3
mujhay,3
very,3
zaya,3
laptop,3
jaga,3
inko,3
nice,3
badh,3
khate,3
karun,3
hospital,3
kaash,3
kaante,3
ankho,3
lolzz,3
jake,3
milti,3
kyo,3
haa,3
lgaya,3
wesy,3
dharne,3
cause,3
kah,3
lga,3
behtar,4
ky,4
janta,4
padi,4
olad,4
got,4
dair,4
hazaar,4
isi,4
830,4
nigaar,4
mili,4
gautam,4
emotional,4
hme,4
hamesha,4
forget,4
xp,4
umeed,4
janwar,4
jawab,4
banane,4
okay,4
hotay,4
jawan,4
koe,4
jalsa,4
half,4
unka,4
hei,4
paise,4
shadi,4
hotey,4
rab,4
bolta,4
try,4
shayed,4
harami,4
rai,4
wa,4
haal,4
mausam,4
kitni,4
thar,4
khana,4
dikh,4
masala,4
ak,4
really,4
live,4
hahahahaha,4
dy,4
srk,4
chaand,4
mum,4
year,4
looks,4
tau,4
dunya,4
hello,4
phoolon,4
dress,4
bhot,4
sorry,4
sure,4
saat,4
lage,4
via,4
again,4
ratta,4
aisay,4
dusre,4
thodi,4
karain,4
most,4
outrage,4
masla,4
apny,4
hindus,4
arre,4
school,4
tamana,4
add,4
karan,4
show,4
teacher,4
naseeb,4
aesa,4
sabhi,4
pure,4
rahul,4
maan,4
tumhein,4
liay,4
badal,4
reh,4
sharam,4
hmmm,4
mana,4
bed,4
dna,4
apke,4
waale,4
unhe,4
bara,4
cha,4
kutte,4
wanna,4
pee,4
baate,4
daal,4
anna,4
sar,4
sad,4
raand,4
hero,4
girls,4
mood,4
bass,4
varna,4
jayenge,4
post,4
real,4
busy,4
kash,4
bhakt,4
net,4
krna,4
waisay,4
dushmani,4
mufflerman,4
close,4
shah,4
lambi,4
must,4
ny,4
dal,4
office,4
chutiye,4
lete,4
hawa,4
umar,4
samaj,4
kb,4
qadar,4
100,4
pi,4
sach,4
theek,4
ra,4
taste,4
karke,4
dikha,4
where,4
usne,4
aas,4
every,4
aksar,4
rehna,4
sweet,4
please,4
feel,4
23,4
atleast,4
issue,4
many,4
11,4
iwantalifeinwhich,4
insaan,4
gae,4
sacha,4
ham,4
mt,4
film,4
jae,4
jesa,4
when,4
bae,4
khayal,4
dukh,4
tarha,4
ati,4
hath,4
sy,4
yaqeen,4
krke,4
super,4
zamana,4
kehna,4
person,4
khata,4
media,4
yo,4
humari,4
apnay,4
raho,5
py,5
chain,5
saab,5
days,5
jaaye,5
upen,5
sabko,5
singh,5
kafi,5
milta,5
hmm,5
mjhe,5
bro,5
bade,5
der,5
socha,5
usse,5
thora,5
vote,5
never,5
krni,5
kursi,5
these,5
obama,5
jyada,5
unki,5
sapna,5
jaa,5
daikha,5
well,5
humara,5
srkians,5
up,5
kai,5
diye,5
share,5
take,5
galat,5
nd,5
hamara,5
come,5
aapke,5
yaa,5
only,5
dua,5
aankhon,5
were,5
about,5
waqt,5
poori,5
khane,5
kaisa,5
clean,5
rakha,5
dard,5
jahan,5
comment,5
puri,5
week,5
why,5
keep,5
aapki,5
look,5
dont,5
support,5
bijli,5
leta,5
dm,5
pitaji,5
tk,5
kuchh,5
gf,5
aao,5
accha,5
cute,5
rat,5
wait,5
jane,5
mujy,5
nawaz,5
mumbai,5
done,5
nah,5
uper,5
sunday,5
welcome,5
malik,5
honge,5
bari,5
mehnat,5
bhul,5
samajh,5
deti,5
an,5
stop,5
galti,5
gum,5
shaam,5
who,5
khamosh,5
uska,5
maro,5
muhabbat,5
ro,5
going,5
dekhna,5
jauga,5
jaane,5
jai,5
tl,5
wese,5
sakti,5
zardari,5
thy,5
gay,5
khel,5
music,5
back,5
your,6
awam,6
likha,6
nay,6
than,6
hope,6
wohi,6
off,6
rakh,6
more,6
papa,6
paisa,6
dubai,6
help,6
poetry,6
khatam,6
pls,6
bhaiya,6
tuje,6
sun,6
jaan,6
song,6
aam,6
krne,6
hamari,6
tarah,6
goli,6
saari,6
mama,6
arey,6
bharat,6
next,6
mean,6
fr,6
way,6
logon,6
bar,6
banda,6
tune,6
lagti,6
ge,6
khushi,6
bandhan,6
karachi,6
bilkul,6
friend,6
wafa,6
start,6
gift,6
big,6
krta,6
paas,6
tumko,6
gujranwalastandswithik,6
bolo,6
comes,6
wah,6
yaha,6
internationalprideik,6
karty,6
khush,6
sabse,6
such,6
rhe,6
sey,6
yr,6
isko,6
mujhse,6
chor,6
ladki,6
jayegi,6
tumhare,6
parh,6
sale,6
maloom,6
samne,6
chalta,6
nhe,6
roz,6
bak,6
hui,6
tm,6
kehte,6
dekhe,6
bahot,6
dnt,6
unglion28thnov,6
yahi,6
birthday,6
logo,6
rhi,7
rahay,7
jayega,7
admi,7
leader,7
jee,7
jaisa,7
warna,7
yad,7
twitter,7
thay,7
fans,7
karti,7
hona,7
tumhari,7
krti,7
out,7
hr,7
rehti,7
mom,7
phr,7
think,7
jate,7
because,7
guzar,7
last,7
nh,7
pass,7
phone,7
hee,7
she,7
larki,7
hon,7
bata,7
likh,7
tab,7
10,7
kitne,7
uske,7
pal,7
suna,7
etc,7
lene,7
https,7
fan,7
unko,7
mile,7
pita,7
bohot,7
get,7
am,7
arsenal,7
sakte,7
care,7
aaye,7
saal,7
magar,7
jaate,7
keh,7
aate,7
mar,7
hame,7
uncle,7
aashirwad,7
after,7
today,7
miss,7
jana,7
aapko,7
great,7
bhar,7
rehta,7
aisi,7
also,7
pak,7
bina,7
bana,7
kehta,7
thori,7
pm,8
hoo,8
coz,8
kahi,8
go,8
aapka,8
hogi,8
jaise,8
kha,8
nikal,8
tax,8
gy,8
men,8
hard,8
chala,8
always,8
free,8
apki,8
bohat,8
india,8
sala,8
iska,8
aata,8
bt,8
kis,8
feeling,8
one,8
krte,8
its,8
lag,8
lund,8
app,8
saare,8
may,8
hue,8
bad,8
pti,8
kro,8
hein,8
game,8
maar,8
man,8
sub,8
chahiye,8
dete,8
there,8
ur,8
football,9
yehi,9
dega,9
dosti,9
sb,9
shair,9
same,9
pic,9
trend,9
aayegi,9
too,9
wahan,9
best,9
still,9
day,9
pani,9
karne,9
see,9
don,9
jeet,9
ghar,9
dene,9
gt,9
zara,9
job,9
achi,9
they,9
tv,9
co,9
tweets,9
btw,9
yeah,9
match,9
itne,9
how,9
know,9
liya,9
karna,9
iss,9
hume,9
mujhy,9
our,9
soch,9
just,10
waise,10
kab,10
ae,10
jis,10
laga,10
her,10
jata,10
then,10
thoda,10
plz,10
tumhe,10
use,10
gud,10
khuda,10
maza,10
yahan,10
bin,10
kyu,10
bb8,10
kaam,10
dia,10
chalo,10
karte,10
apka,10
hen,10
nazar,10
duniya,10
people,10
dekhne,10
bola,10
agr,10
xd,10
jati,10
mil,10
ali,10
insan,10
pehli,11
saath,11
sakta,11
bol,11
hahahaha,11
hote,11
nae,11
ker,11
jao,11
bandh,11
teri,11
new,11
kare,11
mila,11
http,11
jaldi,11
news,11
kam,11
pehle,11
if,11
as,11
fav,11
deta,11
bi,11
bus,11
mene,11
pan,11
gi,11
lekin,12
salman,12
gayi,12
name,12
band,12
chand,12
baba,12
no,12
we,12
dena,12
oh,12
aye,12
bacha,12
gya,12
thanks,12
not,12
apna,12
now,12
night,13
kay,13
bc,13
ik,13
si,13
mohabbat,13
beti,13
can,13
bht,13
yar,13
from,13
his,13
tweet,13
uski,13
imran,13
maa,13
follow,13
mujh,13
what,13
kabhi,14
lo,14
zindagi,14
bjp,14
ok,14
reply,14
muje,14
di,14
naa,14
chal,14
happy,14
pr,15
party,15
han,15
hey,15
re,15
allah,15
neend,15
kaise,15
kon,15
pakistan,15
haan,15
mn,15
dekho,15
karta,16
at,16
kuttey,16
good,16
jaye,16
rha,16
gai,16
desh,16
lagta,16
life,16
wali,16
by,16
ma,16
aj,16
mei,16
hay,16
was,16
aya,17
nahin,17
that,17
wale,17
tujhe,17
per,17
have,17
kyun,17
beta,17
love,17
pta,17
ga,17
itni,17
srkianssalmaniacstogether,18
tere,18
vo,18
dono,18
hun,18
apko,18
aise,18
bada,18
sa,18
ban,18
bat,18
aati,18
fir,18
dekha,18
wala,18
bas,18
tak,19
lt,19
aik,19
this,19
wewantharshikaback,19
hoon,19
tera,19
hoti,19
usko,19
raat,19
will,20
karo,20
ja,20
khan,20
mat,21
maine,21
sath,21
haha,21
time,21
yaar,21
with,21
baar,21
sirf,21
acha,21
be,22
bahut,22
kal,23
waiting,23
rahi,23
yaad,23
like,23
modi,23
le,23
pyar,23
hahaha,24
baby,24
trailer,24
all,24
hoga,24
sir,24
abhi,24
phool,24
jab,24
naam,25
kaha,25
gaye,26
aakar,26
tou,26
khud,26
on,26
dekh,27
aadat,27
pyaas,27
say,27
hy,27
amp,27
kr,28
apne,28
pata,28
tumhara,28
us,28
do,28
saara,28
are,28
apni,30
my,30
gaya,30
dost,30
rahe,30
aisa,30
bhang,31
so,31
woh,31
it,31
ya,32
har,33
din,33
hu,34
phir,35
baat,35
lol,35
thi,35
bhanja,35
behen,36
agar,36
aa,37
of,37
ap,37
log,38
kia,38
but,38
par,39
sab,39
mera,40
sahi,40
diya,40
pyaar,41
mai,41
mere,42
meri,42
baad,43
ni,44
gutka,45
de,45
ji,45
jagah,46
for,46
hota,47
kaun,48
kiya,49
or,49
you,50
kisi,51
wo,51
pe,51
nind,51
matlab,53
yeh,54
dil,55
bhai,55
in,55
dekhte,55
bhagwan,56
baap,56
liye,59
milega,59
karega,60
and,60
nhi,63
tha,63
dhokha,64
zayada,65
kahan,65
raha,66
pagal,66
aap,66
kuch,67
the,67
jo,67
ab,68
toh,68
is,70
hum,70
aaya,72
pasand,73
tum,74
aaj,74
mein,75
ha,76
itna,80
tu,81
ne,83
mujhe,86
hua,89
main,93
koi,95
kar,96
ek,96
nai,110
he,115
aur,119
ye,120
me,121
kya,130
na,137
hain,144
hi,150
nahi,155
bhi,156
ke,182
ka,231
se,241
ho,244
ko,248
ki,281
to,287
rt,309
hai,601
