100rs,1
120k,1
1k,1
1st,1
231k,1
24th,1
2g,1
2kuszlemdp,1
2nd,1
30nov,1
30th,1
3rd,2
45member,1
4cgmraxldb,1
4got,1
4rm,1
50age,1
62k,1
720p,1
7wa,2
80k,1
8th,1
aa,37
aaapppkooooo,1
aab,2
aabaad,1
aadat,27
aadmi,2
aadt,1
aae,3
aaeee,1
aag,1
aagar,2
aagay,1
aagaya,3
aagayi,1
aage,1
aaghe,1
aagle,1
aahista,2
aai,1
aaina,1
aainaa,1
aainda,1
aaine,1
aaisa,1
aaiye,3
aaj,73
aajaye,2
aajbhi,1
aajkal,1
aakar,26
aake,2
aakhir,3
aakho,1
aalam,1
aaliya,1
aam,6
aamir,2
aan,1
aana,3
aane,3
aanewali,1
aaney,2
aani,2
aankh,3
aankhain,1
aankhe,2
aankhein,1
aankho,1
aankhon,5
aansu,3
aao,5
aaoge,3
aaoo,2
aap,66
aape,1
aapiye,2
aapk,1
aapka,8
aapke,5
aapki,5
aapko,7
aapna,1
aapne,3
aapse,1
aaraha,1
aarahi,1
aaram,1
aaree,1
aarha,2
aas,4
aasani,1
aashani,1
aashiqui,2
aashirvaad,1
aashirwad,7
aashish,1
aashqon,1
aasu,1
aata,8
aataaa,1
aate,7
aathi,1
aati,18
aaungi,1
aaya,72
aayange,1
aaye,7
aayega,3
aayegi,9
aayegii,1
aayenge,1
aayeto,1
aaygaa,1
aayi,2
aayojan,1
aazaad,1
aazma,1
ab,68
abas,1
abay,2
abb,1
abba,3
abbu,2
abe,1
abey,2
abhe,1
abhi,24
abhito,1
abhiyan,1
abi,3
abid,3
about,5
absar,1
absolutely,1
abuse,3
abused,1
accent,1
access,1
accha,5
acchi,1
accident,1
according,1
account,1
accounts,1
acha,21
achanak,2
achar,1
acharan,2
achay,2
achchhi,1
ache,1
aches,1
achha,1
achhe,1
achhi,1
achi,9
achii,1
achy,1
action,2
active,1
actor,1
actors,1
actually,3
ad,2
ada,2
adaa,1
adani,2
adat,1
adb,1
add,4
address,3
adds,1
adek,1
adh,1
adhay,1
adhi,1
adhoore,1
adjust,2
admi,7
adnan,1
adrakh,1
ads,1
advised,1
ae,10
aedosto,1
aesa,4
aese,1
aesi,1
aesy,1
afford,1
afghanistan,1
afridi,1
afsar,1
afsoos,2
after,7
aftertaste,1
aga,1
again,4
against,3
agakhan,1
agar,36
agay,1
agayi,1
age,1
agee,1
aglee,1
agnee,1
agr,10
agree,1
agwada,1
agy,1
ah,1
ahaan,2
ahad,2
ahan,1
ahead,1
ahi,1
ahmad,3
ahmed,2
ahsan,1
aik,19
ain,1
ainda,1
air,1
aisa,30
aisay,4
aise,18
aisha,1
aisi,7
aisy,1
aitraz,2
aiza,1
aj,16
ajamkhan,1
ajao,1
ajate,1
ajaye,2
ajeeb,1
ajib,1
ajj,1
ajkal,3
ajma,1
ajmer,1
ajnabi,2
ak,4
akar,1
akbar,1
akbhar,1
ake,1
akelepan,1
akely,1
akhilesh,2
akhir,1
akhiyon,2
akhri,1
akkad,1
akkians,2
akram,1
aksar,4
alag,2
alam,1
alcohol,1
alhamdulillah,1
ali,10
alien,1
all,24
allah,15
allot,1
allow,1
almost,1
alone,3
alpinelibbe,1
already,2
alreay,1
also,7
always,8
am,7
amazing,2
amazingly,1
ambani,1
ameer,1
amendment,2
america,1
americans,1
ami,1
amir,2
amit,1
amitabh,1
amitshah,1
amma,3
ammi,1
among,1
amp,27
amrici,1
amug,1
an,5
ana,1
anatomy,1
ancient,1
and,60
andat,1
ane,1
angna,1
angrai,1
angrejji,1
angry,2
ani,1
animals,1
anindya,1
ankhe,1
ankhein,2
ankho,3
ankush,1
anmol,1
anna,4
annoyed,1
annual,1
another,1
ans,2
ansari,2
anso,1
ansu,1
answaer,1
answer,2
answers,1
anti,1
anusar,1
any,2
anybody,1
anyways,1
aonga,2
aor,1
ap,37
apan,1
apani,1
aparadh,1
apka,10
apke,4
apki,8
apko,18
apna,12
apnay,4
apne,28
apni,30
apno,1
apny,4
apoun,1
app,8
appeal,1
applied,2
appointment,1
apse,2
apsy,1
apun,1
aqalmand,1
ar,1
ara,1
arab,2
arabic,2
araha,1
aram,2
aray,3
are,28
areey,1
arey,6
argument,1
arhy,1
arjun,1
arjuna,1
army,2
around,2
arpita,2
array,1
arre,4
arrest,2
arrey,1
arrive,1
arrives,1
arse,1
arsenal,6
art,1
article,3
artist,1
arts,1
ary,2
arz,1
as,11
asaal,1
asaan,2
asad,1
asal,3
asan,2
asar,1
asc,1
aseem,1
asha,1
ashiqo,1
ashish,1
ashok,1
ashoka,1
ashu,3
aside,1
ask,3
asked,1
asking,1
asks,1
aslam,1
asli,1
asliyat,1
asool,1
asoor,1
assar,1
assets,1
asshole,1
astaghfirullah,1
at,16
ata,2
ataa,1
atal,1
atay,3
atey,1
ati,4
atio,1
atleast,4
atma,1
attack,3
attention,1
attitude,2
au,1
audi,1
aunga,1
aunties,1
aunty,2
aur,119
aurat,2
australia,1
aut,2
auto,1
avi,2
avinash,1
awaargi,2
awam,6
awan,1
awara,1
award,2
awards,1
away,1
awaz,1
awesome,1
awesomest,1
awkward,1
awl,2
awo,1
awsome,1
aww,1
awww,2
awwww,1
axha,1
ay,3
ay47fdeclx,1
aya,17
aye,12
ayega,1
ayegi,2
ayegii,1
ayesh,1
ayesha,1
ayi,1
ayii,1
ayn,1
aysi,1
azaab,1
azab,1
azeem,1
ba,2
baab,1
baad,43
baadde,1
baahut,1
baap,56
baaqi,2
baar,21
baare,1
baat,35
baate,4
baatein,3
baati,1
baatoki,1
baatoon,1
baaz,2
baba,12
babaji,1
babies,1
babitaji,1
babloo,2
babu,1
babuji,1
babwa,1
baby,24
bacche,1
baccho,1
bach,1
bacha,12
bachanay,1
bachany,1
bachao,2
bachay,1
bachaye,2
bachchan,1
bachche,1
bache,1
bachhe,1
bachi,2
bachii,1
bachkana,1
bachne,1
bacho,1
bachon,2
bachpan,1
bachpaney,1
bachu,1
bachy,2
back,5
backchodi,1
backhand,1
bad,10
bada,18
badaam,1
badal,4
badalte,1
badaya,1
badde,1
baddua,1
bade,5
badh,3
badhaiya,1
badhakar,1
badla,1
badle,1
badli,1
badluo,1
badnam,1
bae,4
baee,1
baety,1
bageerah,2
bagger,1
baggi,1
bah,1
bahaayein,1
bahadur,1
bahaduri,1
bahar,3
bahen,1
bahi,1
bahir,2
bahiya,1
bahkaveme,1
bahoo,1
bahoot,1
bahot,6
bahout,1
bahut,22
bahuto,2
bai,2
baich,1
bail,1
bailan,1
bait,1
baithey,3
baithkar,1
baithna,1
bajaye,1
baje,1
bak,6
bakhair,1
baki,2
bakrian,2
bakwaas,2
bakwas,2
balke,1
balki,1
ball,4
balm,1
balo,1
ban,18
bana,7
banaa,1
bananay,1
banane,4
banany,2
banate,1
banaya,1
banayega,1
banayenge,1
band,12
banda,6
bandagi,1
bandar,1
bande,1
bandh,11
bandhan,6
bandhne,1
bandi,1
bandra,1
bane,3
banega,1
bangaya,1
bangladesh,1
bangya,1
bani,1
banjaao,1
bank,2
banke,1
bannai,1
banne,1
bant,1
banta,1
bante,3
banu,1
banvane,1
baqi,3
baqwas,1
bar,6
bara,4
barak,1
barakah,1
barbaad,3
barbad,1
barcelona,2
bardasht,1
bari,5
barish,1
bark,1
barsa,3
barsaat,3
barunbabu,1
barwa,1
bas,18
base,1
bases,1
bass,4
bat,18
bata,7
batadiya,2
batain,2
batak,1
batao,3
bataoo,3
batata,1
batate,1
bataye,1
batein,3
baten,2
baton,1
battery,1
batwaya,1
bauhat,1
bawajud,1
bawbag,1
bayaan,1
bayan,1
baz,1
bazar,2
bb,1
bb8,1
bbfans,2
bc,13
bcci,1
bcoz,1
bday,3
be,22
beans,1
beard,1
beat,1
beautiful,1
beautifully,1
bebak,1
bec,2
because,7
bechara,2
becharay,1
becharon,1
bechay,1
bed,4
bedroom,1
beech,3
been,2
beer,1
beg,1
begharet,1
begum,1
beh,1
behaal,1
behan,2
behatar,1
behave,1
behen,36
behenchod,1
behind,3
behlany,2
behrha,1
behria,1
behtar,4
behtreen,1
beinethaa,1
being,1
belief,1
believe,2
belive,1
belong,1
benazir,1
bendi,1
bengali,1
berojgaar,1
besabri,1
besharami,1
besok,1
best,9
beta,17
bete,3
betha,1
bethaa,1
bethe,1
bethy,1
beti,13
betiyan,1
betna,2
better,3
bevkuf,1
bewafa,2
bewafaun,1
bewakoof,2
bewaqoof,2
bewaqufon,1
bewfa,1
bey,1
beyahe,1
beyahey,1
beyonce,1
bf,1
bh,1
bh0ot,1
bhaag,2
bhaaiyon,1
bhaajapa,1
bhabhi,2
bhabi,1
bhae,3
bhag,3
bhaga,1
bhage,1
bhagega,1
bhagta,1
bhagto,1
bhagwan,56
bhagya,1
bhah,1
bhai,55
bhaijaan,3
bhains,1
bhaiya,6
bhaiyya,1
bhajan,1
bhaji,1
bhakave,1
bhakt,4
bhakti,1
bhakto,1
bhakton,1
bhakts,1
bhala,2
bhalayi,1
bhale,1
bhandara,1
bhang,31
bhangladesh,1
bhanja,35
bhanji,2
bhaonktey,1
bhar,7
bhara,2
bharat,6
bharatiya,1
bhare,1
bharmar,1
bharosa,1
bhashan,1
bhateeja,1
bhateeji,1
bhavisya,1
bhayia,1
bhe,2
bhed,1
bhee,2
bheeg,1
bheegi,2
bheetr,1
bheir,2
bhej,1
bheja,2
bhejdo,1
bheji,1
bhejiye,1
bhejna,1
bhejoon,1
bhen,1
bhenchod,1
bher,1
bhera,1
bhi,156
bhiiii,1
bhikari,1
bhinderwala,2
bhojpuri,1
bhojpuriya,1
bhojta,1
bhoka,1
bholay,1
bhonga,1
bhonkne,2
bhonkney,1
bhook,2
bhool,3
bhoola,1
bhoot,1
bhooto,1
bhosda,2
bhot,4
bhouk,2
bht,13
bhtt,1
bhudi,1
bhul,5
bhula,1
bhulane,1
bhut,2
bhutto,1
bhye,1
bi,11
bibya,1
bich,1
bichad,1
bichare,1
bichhaaye,1
bichi,1
bicky,1
bidi,2
big,7
bigad,1
bigerta,1
bigg,1
bihar,1
bihari,1
bijli,5
bik,1
bikhar,1
biktay,1
bilal,1
bilawal,2
bilkul,6
bill,2
bille,1
billion,1
bills,1
bimari,1
bin,10
bina,7
bio,1
biraaj,1
birth,1
birthday,6
biscuit,1
biscuits,1
bisti,2
bit,1
bitch,1
bithaya,1
bitttuuuuuuuuu,1
biwi,3
bje,1
bjkt,1
bjp,14
black,1
blackett,1
blankets,1
blessd,1
blind,1
blindness,1
blke,1
block,2
blocked,2
blog,1
blogger,1
blood,1
blunts,1
blush,1
bna,2
bnae,1
bnakr,1
bnata,1
bnaye,1
bnday,1
bndy,1
bni,2
bo,1
board,2
bodacious,1
body,2
bohat,8
bohot,7
bohut,2
bol,11
bola,10
bole,1
bolega,3
bolegi,1
bolengy,2
boli,3
bolkar,1
bolke,1
bollywood,2
bolna,3
bolnay,1
bolne,3
bolny,2
bolo,6
bolta,4
boltay,1
bolte,1
bolti,2
bolun,1
bond,1
bongi,1
bongs,1
boobies,1
boobs,2
book,1
books,2
boom,1
boondi,1
booss,1
boota,1
booyakasha,1
bor,1
boring,1
boro,2
boss,3
botany,2
both,1
bout,1
bow,1
bowled,2
bowler,1
bra,1
brahmin,1
bre,2
break,2
breaker,1
breakfast,1
breaking,2
breakup,3
bro,5
brochures,1
brother,1
brought,1
browser,1
bs,3
bsdk,1
bss,2
bt,8
bta,3
btadeti,1
btao,2
btayen,1
bttm,1
btw,9
bubbles,1
buch,1
buckeye,1
buddhi,1
buddy,1
budhi,1
buds,2
buhat,2
buhoot,1
buht,1
building,1
built,1
bujha,1
bujhao,1
bujhti,3
buk,1
bukhar,1
bukhari,1
bula,1
buland,1
bulao,1
bulata,1
bulaya,1
bulaye,1
bulbulay,2
bulva,1
bunyad,1
bur,1
bura,3
burai,1
buraiyaan,1
burhan,1
buri,2
burii,1
bus,11
busy,4
but,38
butts,1
buying,1
buzdil,1
bv,1
by,17
bye,2
bzi,1
ca,2
cahiye,1
cake,2
call,3
called,1
calm,2
camera,2
campaign,2
campaigner,1
can,13
canada,1
canal,1
cancer,2
candy,1
cannot,1
canteen,1
caption,1
car,3
caravan,1
card,1
care,7
career,1
carry,1
cars,1
cause,3
cbi,2
celeb,3
celebrity,1
cencer,1
certificate,1
ch,2
cha,4
chaa,1
chaahiye,3
chaahne,1
chaahye,1
chaal,1
chaand,4
chaat,1
chacha,3
chachee,1
chad,1
chadar,1
chadawa,1
chadha,1
chahiye,8
chahna,1
chahne,3
chahta,3
chahtay,2
chahte,2
chahtpe,1
chahty,1
chahye,1
chai,3
chain,5
chaina,1
chaini,2
chaiy,1
chaiye,2
chakki,1
chal,14
chala,8
chalaaa,1
chalan,1
chalao,1
chalata,1
chalaya,1
chale,2
chalegi,1
chalenge,1
chaley,1
chali,3
chaliya,1
chall,1
challange,1
challis,1
chalne,1
chalo,10
chaloge,1
chaloon,1
chalta,6
chalti,1
chalu,2
chamcha,1
chamche,1
chance,1
chand,12
chandni,1
change,3
channd,1
channel,3
channels,2
chans,1
chant,1
chap,1
chapraasi,1
char,1
chara,1
charaa,1
character,1
characters,1
charas,2
charcha,1
charche,1
charge,1
charger,1
charging,1
charmen,1
charpai,1
chars,1
chashma,1
chaskay,1
chat,2
chati,1
chatne,1
chatora,1
chaudhary,1
chaya,1
chaye,2
chayye,1
check,2
cheema,1
cheen,1
cheeni,1
cheenkein,1
cheep,2
cheer,1
cheers,1
cheez,1
cheeze,1
chehra,2
chere,1
cherh,1
chew,1
chewing,1
chhakkians,1
chhodh,1
chhodo,1
chhorron,1
chhoti,1
chidiya,1
chika,1
chill,1
china,1
chingari,1
chinta,1
chittey,1
chitthi,1
chiye,1
chiz,1
chizo,1
chock,1
chocolate,1
chocolates,1
chod,2
chodega,1
chodi,3
chodo,1
choka,1
chokidari,1
choo,1
choos,2
choot,1
chor,6
chorana,1
chord,1
chorde,1
chordti,1
chori,2
chorke,1
choro,2
chota,1
chotay,1
choti,1
chowk,1
chras,1
chu,2
chubi,1
chudail,1
chudne,1
chudwa,1
chuka,1
chukani,1
chukaya,1
chuke,3
chuki,2
chukki,1
chuntay,1
chup,3
chupa,1
chupany,1
chupati,1
chupke,2
churaya,1
churma,1
chusna,1
chuso,1
chuss,1
chut,1
chutiapa,1
chutiya,1
chutiyapa,1
chutiye,4
chutney,1
chutya,1
chuwan,1
cid,2
cigarette,1
ciggs,1
cigrate,1
cinema,2
cities,1
city,3
clap,1
clarkston,1
clasfelow,1
class,3
classic,1
clause,1
clean,5
cleaning,1
clear,2
close,4
club,2
cluttered,1
cm,3
cmnt,2
cmplt,1
cng,1
cnwk,1
co,9
coat,2
coffee,1
coincidence,1
college,3
color,1
colors,1
colour,1
colours,1
combined,1
come,5
comes,6
coming,2
comment,5
commercial,1
common,1
company,1
compartments,1
compartmnt,2
competition,1
complete,2
composed,1
condition,1
confident,1
confirm,1
confirmed,1
confusing,1
confusion,1
cong,1
congratsssssss,1
congratulation,1
congress,2
connectivity,1
conntcn,1
consistency,1
constitution,1
construction,1
contact,1
contestants,1
control,1
conviction,1
cool,3
copy,1
corner,1
correct,1
corrupt,1
corruption,1
cos,1
cough,1
could,2
couple,1
court,1
cousin,2
cousins,3
cow,1
coz,8
crap,1
credit,3
cric,1
cricket,1
criminal,1
crore,2
crorepati,1
cross,2
crush,1
crying,1
css,2
cubes,1
cult,1
cum,1
customer,1
cute,5
cutest,1
cuttee,1
cuz,2
cz,1
da,2
daaadaaaaaa,1
daakhil,1
daal,4
daali,1
daalnay,1
daalti,1
daant,1
daaru,1
daata,1
dab,1
daba,2
dabaata,1
dada,3
dafa,3
daftar,1
dag,1
dagaa,2
daikha,5
daily,2
daina,1
dair,4
daish,1
daisy,1
daitai,1
dakhal,1
daku,1
dal,4
dala,1
dalay,1
dalega,3
dalit,1
dalo,1
dalta,1
daltey,1
dam,3
damaad,1
damn,2
dampati,1
dan,1
dance,3
dancer,1
dancing,1
danda,1
dangar,1
daniel,1
dar,3
darbar,1
dard,6
dardh,1
dargah,1
dariya,2
dark,3
darling,1
darme,1
daro,1
darr,1
darshau,1
darti,1
daru,3
darza,1
das,1
dash,1
data,1
daughters,1
daur,2
day,9
days,5
de,44
deal,1
dear,3
death,1
dec,1
decades,1
december,1
decrease,1
dede,2
dedia,1
deedar,3
deekha,2
deeldaar,1
deen,2
deepika,1
deewana,2
deewani,1
defending,1
defferncite,1
definently,1
definitely,2
dega,9
deghi,1
degi,1
degree,1
degrees,1
dehaiyaan,1
dein,2
dek,1
dekar,1
dekh,27
dekha,18
dekhaa,1
dekhay,1
dekhe,6
dekhenge,2
dekhiye,1
dekhkar,1
dekhna,5
dekhne,10
dekhney,1
dekhny,1
dekho,15
dekhta,3
dekhtay,1
dekhte,55
dekhye,1
dekjha,1
deklein,1
delhi,1
delta,1
demand,1
den,1
dena,12
denay,2
dene,9
denga,1
denge,3
dengein,1
dengue,1
deni,1
depressing,1
der,5
deserving,1
desh,16
deshat,1
deshi,2
destroy,1
deta,11
detailed,1
details,1
dete,8
deth,1
deti,5
dettol,1
devar,1
devi,1
dewaana,1
dey,2
deya,2
deyna,1
dh0ndty,2
dhaikho,1
dhal,1
dhamaal,1
dhamal,1
dhan,1
dhanyawaad,1
dharka,1
dharna,3
dharnay,1
dharne,3
dhdha,1
dheet,2
dheka,1
dher,2
dhes,1
dheswara,1
dhinka,1
dho,1
dho0ndti,1
dhoka,2
dhokha,64
dhokhe,3
dhongi,1
dhoodh,1
dhoond,1
dhoondhti,1
dhoondo,1
dhoondte,2
dhula,1
dhundhta,1
dhundla,1
dhundti,1
dhut,1
dhyan,2
di,14
dia,10
diandra,1
diayan,1
dibaca,1
dictator,1
did,3
didi,1
didnt,1
didu,1
die,3
different,1
digest,1
diggi,1
diin,1
dijiye,3
dijye,1
dikh,4
dikha,4
dikhana,2
dikhane,1
dikhao,2
dikhawo,1
dikhegi,1
dikhti,1
dil,55
dilbar,3
dilhi,1
dill,1
dilli,1
dimaag,1
dimag,1
dimagh,1
dimpy,1
din,33
dinbhar,1
dinn,2
dinner,2
dino,2
dinon,1
dint,1
dinu,1
diploma,1
direct,1
directed,1
director,1
dis,1
discount,1
dishwasher,2
dismay,1
dispensaries,1
distribute,1
districts,1
division,1
diwaali,1
diwana,1
diya,40
diye,5
diyega,1
dj,2
dkh,1
dkha,3
dm,5
dna,4
dnt,6
do,28
dobara,2
dobriyal,1
doc,1
doctor,1
doctors,2
does,1
doesn,2
doge,1
dohkhay,1
doing,3
doll,1
dompak,1
don,9
donation,1
done,5
donkey,1
dono,18
donon,2
dont,5
doob,1
dooba,1
dooboyega,1
doodh,1
doohaa,1
doon,3
dooo,1
door,2
doormat,1
doose,1
doosri,1
doran,1
dosh,2
dosra,1
dosri,1
dosry,1
dost,30
dosti,9
dosto,2
doston,1
dostoo,1
double,1
doubt,2
doulat,1
down,3
download,2
dr,1
drains,1
drama,3
dramaqueen,1
drd,2
dream,1
dress,4
drink,2
drive,1
drives,1
drmian,1
drop,1
drugs,1
drunk,1
du,2
dua,5
dubai,6
dubbed,1
duboya,1
dudh,1
due,1
dukaan,3
dukandar,1
duke,1
dukh,4
dukhi,1
dull,1
dulwaya,1
dum,2
dumb,2
dunga,3
dunia,2
duniya,10
dunya,4
dur,3
duri,1
during,1
duryodhan,1
dusary,1
dushman,2
dushmani,4
dusre,4
dusri,1
dusro,1
duty,1
duur,2
duvidha,1
dwara,1
dy,4
dya,1
dye,1
earphones,1
earth,1
easy,1
eat,1
eating,2
ebola,2
economics,1
edible,1
edit,1
edu,1
eeeh,1
effects,1
ego,2
eh,2
ehsaas,2
eibar,1
eik,1
either,2
ek,96
ekdam,1
ekdum,1
ekk,1
elaj,1
elaqon,1
elc,1
eliminated,1
elli,1
eman,1
emirates,2
emo,1
emotional,4
empire,1
end,3
ended,1
ending,2
enemies,1
engagement,1
engg,1
england,1
enjoy,3
enough,1
entire,1
entourage,1
epic,2
error,1
es,2
esa,2
escorts,1
esi,1
eske,1
esko,1
esliye,2
ess,1
etc,7
ethanol,1
even,3
evening,2
event,1
ever,3
every,4
everybody,1
everyday,1
everyone,2
evict,1
eviction,1
example,1
exams,3
except,1
excited,1
exited,1
expect,2
experience,1
expert,1
explain,2
express,1
expressing,1
extracted,1
eyeball,2
eyes,2
faaad,1
faaeday,1
faaltu,1
faasla,1
faayda,1
facebook,1
faced,1
fact,2
factory,1
faiday,1
fail,1
fair,1
fairness,1
faisalabad,1
faker,1
fall,1
faltu,2
faltugiri,1
family,1
famous,2
fan,7
fanaah,1
fanny,1
fans,7
fantastic,1
fantasy,1
faraar,1
farham,1
farigh,1
fariston,2
farmaen,1
farokht,2
farooqi,1
farq,1
farsi,1
fass,1
fast,1
fastest,1
fat,2
fatafat,2
father,1
fatima,2
fatma,1
fatt,1
fav,11
favorite,1
favour,1
favouring,1
favrt,1
fawad,1
fayda,3
fayyaz,1
fazal,1
fb,1
fdmr,2
fed,1
fee,1
feed,1
feeding,1
feel,4
feeling,8
feet,1
feku,1
fellaini,2
felt,1
female,1
fer,1
fever,2
few,1
ff,1
field,1
fifa,2
fighting,1
figure,1
filhaal,1
filhal,2
filled,1
film,4
filter,1
final,1
finals,1
financially,1
find,1
fine,1
finished,2
finland,1
fiqar,1
fir,18
first,3
fish,1
fishes,1
fit,1
florida,1
flower,1
flowers,1
flu,1
foj,2
follow,13
followback,1
followed,1
follower,1
followers,2
following,1
food,2
fools,1
football,8
for,46
foran,2
ford,1
forget,4
form,1
fouj,1
fr,6
fraud,1
frd,1
free,8
french,1
friend,6
friends,1
friendz,2
friex,1
frm,2
frnd,2
from,13
front,2
frount,1
frre,1
frustrat,1
fuck,2
fucker,1
fucking,1
fud,1
full,3
fun,2
fund,1
funny,1
fursat,1
fusool,1
future,2
fvrt,1
ga,17
gaa,2
gaadi,1
gaali,1
gaaliya,1
gaaliyan,1
gaana,2
gaanay,1
gaand,2
gaanth,1
gaay,1
gadbad,1
gaddar,1
gaddari,2
gadhay,1
gadhe,1
gadhey,1
gae,4
gaey,2
gai,16
galat,5
galaxy,1
galay,1
gale,1
galiya,1
galiyon,3
galli,1
galt,1
galti,5
game,8
gand,3
ganda,1
gande,1
gandhi,2
gandi,1
gandu,2
ganey,1
ganga,1
ganja,1
gappe,2
gar,2
garam,3
garbage,1
garden,1
gardi,1
gari,2
garib,1
garibon,3
garm,1
garments,1
garmi,3
garri,1
gatak,1
gauahar,1
gauhar,2
gautam,4
gauti,2
gay,5
gaya,30
gayaa,1
gayab,1
gaye,26
gayi,12
gayii,1
gcse,1
gd,1
ge,6
gee,1
geen,1
gehra,1
gender,1
general,2
george,1
german,2
germindia,1
get,7
gets,1
getting,2
geurige,1
gey,1
geya,2
gf,5
ggooreus,1
gha,1
ghaas,2
ghadar,2
ghadi,1
ghae,1
ghalat,1
ghalti,1
gham,2
ghanja,1
ghanta,2
ghantay,2
ghante,1
ghanto,1
ghar,9
gharib,1
gharon,1
ghatiya,1
ghayab,2
ghe,1
ghodi,1
ghoom,1
ghor,1
ghr,3
ghulam,1
ghum,1
ghumte,1
ghuroor,1
ghusa,1
ghusne,1
ghussay,1
gi,11
gia,1
gift,6
gila,1
gillani,1
gira,1
girfriend,2
girl,1
girls,4
girna,1
gittia,1
give,3
giveaway,1
given,1
giya,2
glass,1
gn,3
go,8
goa,1
goal,1
goalkeeper,1
goallllllllllllllllllllllllll,1
goals,1
gobar,1
gober,1
gobhi,1
god,3
goddamn,1
goenka,1
goes,3
goin,1
going,5
gol,2
goli,6
gonaa,1
gonna,2
good,16
goodnight,1
googa,1
gooooners,1
got,4
gou,2
governance,1
government,1
govt,3
grade,1
graduation,2
grass,1
great,7
green,1
grin,1
groundwater,1
grover,1
grrrrrr,1
grt,1
gsyabhagoda,1
gt,9
gud,9
guess,2
guessing,1
guftugu,2
guide,1
gujar,2
gujranwala,1
gujrat,1
gujre,1
gul,1
gulaam,1
gulati,2
guldasta,1
gum,5
gumraah,1
gun,1
gunah,1
gunaho,1
gundee,1
gungaan,1
gureeda,1
guru,1
gurudev,1
gurur,1
gussa,2
gustakhii,2
gutka,45
guts,1
gutter,1
guy,1
guys,2
guyz,1
guzar,7
guzara,1
guzarish,1
guzre,1
gv,1
gw,2
gy,8
gya,12
gyaan,2
gyan,1
gyb,2
gye,3
gyeen,1
gym,1
h0tay,1
h2rs,1
ha,76
haa,3
haaan,2
haai,1
haaji,1
haal,4
haan,15
haar,3
haarna,1
haarne,1
haaro,1
haat,1
haath,2
haatho,1
haaye,1
had,2
haddi,1
hadsa,1
hae,3
haen,2
hafsaww,1
haftay,1
hai,601
haiiii,1
haiin,1
hain,144
haina,3
hainaa,1
hainnnn,1
hairaan,2
hakumat,1
hal,3
halaat,1
halat,1
half,4
halfline,1
ham,4
hamain,1
hamara,5
hamarai,1
hamaray,1
hamare,3
hamaree,1
hamari,6
hame,7
hameesha,1
hamein,2
hamere,1
hamesha,4
hamid,2
hamko,1
hamne,1
hamse,1
hamza,1
han,15
handle,1
handsam,1
haney,3
hans,2
hansi,1
hanss,1
hansty,1
hanuman,1
happiness,1
happpy,1
happy,14
haq,3
haqeeqath,1
haqq,1
har,33
haraam,1
haraamkhor,1
harami,4
haramkhor,1
haraya,1
hard,8
hari,2
harjai,1
harkat,1
harr,1
harshika,2
harshu,1
has,2
hasee,1
haseen,1
hasil,1
hasna,1
hass,1
haste,1
hastinapur,1
hatenge,1
hater,1
haters,1
hath,4
hatho,2
hats,1
hatvaye,1
haumhe,1
haun,1
hausle,1
hav,1
have,17
haven,1
hawa,4
hawaaon,1
hay,16
haya,1
hazaar,4
hazar,1
hazaro,1
hazaron,1
hazir,1
hbd,1
hd,1
he,115
headphones,1
health,3
healthy,3
hear,2
heard,1
heart,3
heartbreaker,1
heavy,1
hee,7
heera,2
heh,1
hei,4
hein,8
helicopter,1
hell,2
hello,4
help,6
hen,10
heo,1
her,10
here,2
hero,4
heroin,1
hey,15
hga,1
hgya,1
hi,150
hia,1
hier,1
high,2
highway,1
hii,1
hilatey,1
hilaye,1
hile,1
hilega,1
hillane,1
him,3
himesh,1
himmat,2
himself,2
hina,1
hind,3
hinda,1
hindi,2
hindu,2
hindus,4
hindustan,1
his,13
hisaab,2
hisab,3
history,2
hitler,1
hm,3
hmaray,1
hmare,3
hme,4
hmm,5
hmmm,4
hmmmm,2
hmmmmmmmmmmm,1
hmne,1
hn,2
hnu,1
ho,244
hoa,1
hoby,1
hochuka,1
hoe,1
hoga,24
hogae,3
hogaey,2
hogai,3
hogaya,3
hogaye,2
hogayi,3
hoge,3
hogeya,2
hogeye,1
hogi,8
hogy,2
hogya,1
hogye,2
hogyi,1
hoi,3
hoke,2
holiday,1
home,2
hon,7
hona,7
honay,2
hone,3
honest,1
honey,1
honge,5
hongy,1
honi,3
honto,1
honton,1
hoo,8
hoon,19
hooria,1
hope,6
horai,1
hosakta,1
hosh,3
hospital,3
hot,1
hota,47
hotay,4
hote,11
hotel,2
hotey,4
hoti,19
hotii,1
hoty,3
hou,3
houn,2
hour,1
hours,2
house,3
houses,1
how,9
howa,2
howdy,1
howe,1
howi,1
howz,1
hoya,1
hoye,3
hoyea,1
hq,1
hqi,1
hr,7
hrd,1
hs,1
ht,3
htt,1
http,11
https,7
hu,34
hua,89
huaaa,1
huaaaa,1
huay,1
hud,1
hudi,1
hue,8
hug,1
huge,2
hui,6
hukmran,1
hukum,1
hum,70
humaaraaaa,1
humain,1
human,2
humans,1
humara,5
humare,3
humare1000,1
humari,4
hume,9
humein,1
humko,2
humnay,2
humne,2
humour,1
humse,1
humy,1
hun,18
hunar,1
hunga,1
hungama,1
hunger,1
hurrr,1
hus,1
husband,1
husbands,1
hut,1
huwa,1
huway,2
huye,1
huyi,1
hv,2
hw,2
hwa,1
hy,27
hygene,1
hyn,1
ia,1
iba,1
ibted,1
ice,1
ich,1
id,4
idea,3
idhar,2
idk,1
if,11
ignore,2
ijaazat,1
ik,12
ikhtyar,1
ilaha,1
ilaj,2
ilallah,1
ilawa,1
ill,1
illegal,1
illiterate,1
ilm,1
ilzam,1
im,2
imaandaar,1
iman,2
imandaar,1
imandari,2
impa,1
impossible,1
impression,1
imran,13
imrn,1
imthan,1
in,55
inaam,1
inch,1
increase,1
independence,1
india,8
indian,2
induced,1
industries,1
infinity,1
information,1
inherit,1
inheritance,2
inhone,1
inhu,1
ini,1
initiated,1
inka,2
inkaar,1
inke,2
inki,2
inko,3
inmein,1
inni,2
insaan,4
insaano,2
insan,10
insha,1
insist,2
insta,2
install,1
instant,1
instead,1
institute,1
insult,2
inteha,3
interest,2
interested,1
interesting,1
international,2
interviews,1
intezaar,3
intezar,3
inti,2
intial,1
intkhabat,1
intzaar,1
investigate,1
investigative,1
iphone,2
iqbal,1
iqtidaar,1
irada,1
irlradio,1
irritates,1
is,70
isaro,1
isay,2
ise,2
ishara,1
ishfaat,1
ishq,3
isi,4
isiliye,3
iska,8
iske,2
iski,1
isko,6
isl,2
islam,1
islamabad,2
isle,1
isley,1
isleye,1
islie,1
isliye,1
isliyea,1
islye,1
isme,1
isn,2
israil,1
iss,8
issar,1
isse,1
issi,2
isski,1
issue,4
istemaal,1
istemal,1
isthiti,1
it,31
itana,1
itbp,1
itna,80
itne,9
itni,17
itny,1
its,8
ittay,1
iv,1
iykwim,2
izhar,1
izzat,1
ja,20
ja0,2
jaa,5
jaaegi,2
jaag,2
jaaga,2
jaagata,1
jaagu,1
jaake,1
jaal,1
jaan,6
jaana,1
jaanaa,2
jaane,5
jaante,1
jaany,1
jaao,1
jaata,2
jaate,7
jaati,3
jaaye,5
jaayega,1
jaayegi,1
jab,24
jabse,1
jack,2
jackie,1
jada,1
jadav,1
jae,4
jaey,2
jaga,3
jagah,46
jagaya,1
jaggey,1
jaghta,2
jagir,1
jagjitsingh,1
jah,1
jahaan,2
jahan,5
jahaz,1
jahil,2
jahils,1
jai,5
jaigi,2
jaika,1
jaisa,7
jaisay,3
jaise,8
jaisey,1
jaisi,2
jaisy,2
jake,3
jal,2
jala,2
jalane,1
jalao,1
jald,1
jaldi,11
jali,1
jalsa,4
jalsay,1
jalson,1
jalte,1
jalwa,1
jama,2
jamaat,1
jamaati,1
jamane,1
jamat,1
jamuna,1
jan,1
jana,7
janaab,1
janab,2
janam,2
janay,1
janazey,1
janbahaq,1
janchny,1
jane,5
janey,1
jange,1
janhit,1
jani,4
janlokpal,1
janmo,1
jannt,1
jano,1
janoon,1
janta,4
jantay,1
jante,2
jantey,1
janwar,4
jany,1
jao,11
jaogay,1
jaoge,1
jaogi,2
jaon,2
jaonga,1
jaongi,1
jaoo,2
japan,1
jara,1
jare,1
jaroor,1
jarorat,1
jarur,2
jasoda,1
jat,2
jata,10
jatahi,1
jatani,1
jatati,1
jatay,3
jate,7
jati,10
jatinder,1
jaty,1
jauga,5
jaun,2
jaungi,1
javeed,1
jawaab,1
jawab,4
jawan,4
jawano,1
jay,1
jaya,1
jayada,2
jayan,1
jayda,1
jaye,16
jayega,7
jayegi,6
jayein,2
jayen,1
jayengay,1
jayenge,4
jayengey,1
jayengi,1
jayiye,1
jb,3
jbtw,1
je,1
jealous,3
jeb,1
jeddah,1
jee,7
jeet,9
jeeta,1
jeetege,1
jeetenge,1
jeeti,1
jeetne,1
jeeto,1
jeetu,1
jeevan,3
jesa,4
jese,3
jesy,1
jga,2
jha,1
jha2,1
jhang,1
jharkhand,1
jharokha,1
jhatka,1
jhingalala,1
jhoome,1
jhoot,3
jhooth,1
jhoothe,3
jhooti,1
jhuk,1
jhuka,2
jhuke,2
jhut,1
jhuthe,1
jhuthhbola,1
ji,45
jihad,1
jijaji,1
jin,2
jinhein,1
jinke,1
jinnah,1
jiroo,1
jis,10
jisdin,1
jise,2
jiska,1
jiske,1
jisko,1
jisn,2
jispar,1
jisse,1
jita,2
jitna,2
jitne,2
jitni,3
jiya,1
jiyalunki,1
jiye,1
jiyenge,1
jo,67
job,9
jobless,1
jodha,2
jodhaakbar,1
join,1
joker,1
joo,2
joota,1
joote,1
joothe,1
journalism,1
journey,1
jrur,3
js,1
jtna,1
ju,1
jub,1
juban,1
jubhi,1
juda,1
judai,3
judge,1
judgement,1
juice,1
jure,1
jus,2
just,10
justifies,1
jwain,1
jyaa,1
jyada,5
ka,231
kaahilon,1
kaalu,1
kaam,10
kaanch,1
kaante,3
kaar,1
kaarunga,1
kaash,3
kab,10
kabar,1
kabee,1
kabhi,14
kabi,1
kabool,2
kachdaroo,1
kadar,3
kadhe,1
kafi,5
kah,3
kaha,25
kahaani,1
kahan,65
kahani,1
kahaniyan,1
kahati,1
kahe,1
kahi,8
kahiin,1
kahin,2
kahinge,3
kaho,2
kahogy,1
kahoo,1
kahta,1
kahte,2
kahye,1
kai,5
kaika,1
kainaat,1
kaisa,5
kaisay,3
kaise,15
kaisi,3
kaisy,1
kal,23
kala,1
kaleja,1
kaliyaan,1
kaliyan,1
kalma,1
kam,11
kamal,2
kameene,1
kamina,1
kaminey,2
kamini,2
kamiyabi,1
kamzor,2
kan,1
kandhe,1
kanha,1
kanjar,1
kanpur,1
kanth,1
kao,1
kapil,2
kappors,1
kaproo,1
kar,96
kara,2
karachi,5
karain,4
karakht,1
karan,4
karana,1
karate,1
karbala,1
kardi,2
kardiya,1
kardo,3
kare,11
karega,60
karein,1
karengai,1
karenge,2
karib,1
karien,1
karish,1
karishma,1
karjaa,1
karke,4
karkrgdi,1
karlo,2
karloun,1
karlsson,1
karma,1
karn,1
karna,9
karnataka,1
karnay,1
karne,9
karnee,1
karny,1
karo,20
karobar,2
karogay,1
karoge,2
karogey,1
karon,1
karoon,1
karoongi,1
karrahi,2
karre,1
karsakti,1
karta,16
kartai,1
kartay,3
karte,10
karti,7
karty,6
karu,1
karuga,2
karun,3
karunga,3
karungi,1
karwa,2
karwane,1
karwata,1
karye,1
kasam,2
kasar,2
kash,4
kasi,1
kasm,1
kasooor,1
kasoor,1
kat,1
katrena,1
katrina,1
kattoti,1
kaun,48
kaunon,2
kay,13
kaya,2
kb,4
kbhi,3
kbi,3
kch,2
ke,182
kea,1
kecuali,1
kee,1
keechar,1
keep,5
keety,1
keh,7
kehen,1
kehna,4
kehnay,2
kehne,2
kehnewale,1
keho,1
kehta,7
kehte,6
kehti,2
kejri,1
kejriwal,1
kejriwall,1
keley,1
keliye,1
keluarga,1
kenya,1
ker,11
kerala,1
kerkee,1
kerne,1
keroge,1
kersekti,1
kerta,3
kerte,1
kerva,1
kerwaya,1
kesa,1
kesar,1
kesay,1
kese,3
ket,1
kew,2
kewal,1
key,3
keya,3
kha,8
khaa,1
khaaan,1
khaan,1
khaane,2
khaas,1
khaate,1
khabar,2
khabees,1
khabi,1
khabrein,1
khabron,1
khade,1
khafa,2
khail,1
khaini,1
khair,3
khairaat,2
khairat,1
khajjal,1
khake,1
khala,2
khale,1
khali,2
khamosh,5
khan,21
khana,4
khanay,2
khandani,1
khane,5
khani,1
khanjar,1
khans,1
khao,1
kharaab,1
kharab,2
kharan,1
kharch,1
khareed,1
kharid,1
khas,2
khata,4
khatam,6
khatarnak,2
khate,3
khatm,3
khatma,2
khawab,2
khaya,3
khayal,4
khaye,2
khayega,1
khd,1
khe,1
khel,5
kher,1
khi,3
khich,1
khil,1
khilaaf,1
khiladi,1
khilaf,2
khilana,1
khilenge,1
khilte,1
khipro,1
khirki,1
khitay,1
kho,1
khobsorat,1
khobsurat,2
khod,1
khokr,2
khol,3
khola,1
kholo,1
khon,2
khoob,2
khoobsurat,1
khoof,1
khoon,2
khopdi,1
khoye,1
khraab,1
khrab,1
khrcha,1
khud,26
khuda,10
khudake,1
khujli,1
khul,1
khule,1
khuli,1
khulla,1
khulle,1
khus,2
khush,6
khushboo,1
khushi,6
khushiya,1
khusi,2
khusiya,1
khusra,1
khuwaab,2
khuwab,2
khuwari,1
khwaab,1
khwaabon,1
khwab,1
khwabon,2
khwahis,1
khwaiesh,1
ki,281
kia,38
kiaa,1
kicking,1
kid,1
kidhar,1
kik,1
kind,2
kinda,1
king,1
kio,2
kion,2
kiraaye,1
kiran,1
kirno,2
kis,8
kisano,1
kise,1
kishtwar,1
kisi,51
kisike,1
kisiko,1
kiska,2
kisko,1
kismat,2
kisnay,1
kisne,2
kiss,3
kissi,1
kisy,1
kitaab,1
kitab,2
kite,1
kitna,2
kitne,7
kitni,4
kitny,1
kiun,1
kiya,49
kiye,2
kiyon,1
kiyonke,1
kjais,1
kk,1
klopp,1
km,1
kmjor,1
knorr,1
know,9
knows,1
knw,2
knws,1
ko,248
koe,4
koi,95
koii,1
koliwada,1
kom,1
komal,1
kon,15
konse,1
konsi,1
koshish,1
kosis,1
kou,2
koun,1
koyla,1
kp,1
kpi,1
kpk,1
kr,28
kra,2
krain,1
kraziness,1
krdo,1
krdy,1
kre,2
krega,1
kren,2
kripa,1
krishna,2
krk,2
krke,4
krn,1
krna,4
krne,6
krnga,1
krni,5
krny,1
kro,8
kroge,2
kron,1
krou,1
krrha,2
krta,6
krtay,1
krte,8
krti,7
krty,2
krun,3
krurika,1
kse,1
ksi,1
ksr,1
ksur,1
ktc,1
ktd,1
ktne,1
ktny,1
ku,1
kuch,67
kuchh,5
kuchi,1
kud,1
kude,1
kudi,1
kuin,1
kulli,2
kum,3
kumbh,1
kun,1
kune,1
kur,1
kursi,5
kushi,1
kushiyon,1
kusoor,1
kuta,1
kute,1
kutta,2
kutte,4
kuttey,16
kuttia,1
kuttika,1
kutton,1
kuty,1
kv,2
ky,4
kya,130
kyaa,1
kyo,3
kyon,3
kyonki,2
kyoon,2
kyu,10
kyun,17
kyunki,2
la,3
laajawab,1
laal,1
laanat,2
laat,1
laate,1
laatey,1
laath,2
laati,1
lab,1
lad,1
ladai,2
lade,1
ladho,1
ladke,1
ladki,6
ladkiii,1
ladkiyo,1
ladoge,1
lafz,1
lafzon,1
lag,8
laga,10
lagai,1
lagakar,1
lagake,1
lagale,1
lagan,1
lagana,3
lagate,2
lagay,1
lagaye,1
lagda,1
lage,4
lagega,1
lagg,1
lagi,2
laging,1
lagne,1
lagta,16
lagte,3
lagti,6
lagty,1
lagu,1
lagya,1
lahore,1
lahoti,1
lak,1
lakh,2
lakho,1
lakhs,1
lakin,1
lakiro,1
lala,1
lalach,1
lalchi,1
lalitaji,1
lalu,1
lambay,1
lambi,4
lamho,1
lang,1
language,2
lanka,1
lannti,1
lao,2
laparwahi,1
laptop,3
largest,1
larkana,3
larke,1
larki,7
larkin,1
larkiyaan,2
larkiyon,3
larkoon,1
larnay,1
larr,1
lartay,1
lashaie,1
lassi,1
last,7
late,2
later,1
latest,2
lati,1
laude,1
lautkar,1
lauuuu,1
law,2
lay,2
laya,3
layee,2
layeenge,1
lazmi,1
ldki,2
le,23
leader,7
leaders,1
learn,1
leas,1
least,2
leaves,1
led,1
lee,1
left,2
lefty,1
legend,1
legitimate,1
lekan,1
lekar,1
lekin,12
lele,1
lelo,2
lemon,1
lena,3
lene,7
leneka,1
lenge,2
less,1
lessons,1
let,2
leta,5
lete,4
lets,2
level,2
leye,1
leythay,1
lg,1
lga,3
lgana,1
lgay,1
lgaya,3
lgi,1
lgta,2
lgti,2
li,3
lia,1
liay,4
lick,1
lie,2
liey,1
lifafa,2
life,16
liftan,1
light,1
lijye,1
like,23
liked,1
likh,7
likha,6
likhi,3
likho,1
likhta,1
likhte,2
likhti,1
likhun,1
limit,1
line,3
lines,1
link,2
lip,1
liplop,1
lips,1
listen,2
listening,2
lite,1
littering,1
little,1
live,4
living,1
liy,1
liya,9
liyay,1
liye,59
lkha,1
lkn,1
ll,2
lmao,2
lmaoooo,1
lo,14
loadsheding,1
loag,1
loan,1
local,3
lod,1
loda,2
log,38
logic,1
logo,6
logon,6
lohia,2
loksabhamp,1
londi,1
long,3
loog,2
look,5
lookng,1
looks,4
loon,1
loot,1
lost,1
lot,2
lota,3
lots,1
loug,2
lout,1
lov,1
love,16
loved,2
lovers,1
loves,1
low,3
lpg,1
lrgj2slpyi,1
lrkyon,1
lt,19
lu,2
luck,2
lucky,1
lug,1
luga,2
lugta,1
lund,8
lunga,1
lungi,1
luta,1
lutate,2
lutyens,1
luv,3
lve,1
lvnqopwq6a,1
ly,1
lye,2
lyea,1
lyf,1
lying,1
lyk,2
lyrics,1
ma,16
maa,13
maaf,3
maal,1
maalaiye,1
maamu,1
maan,4
maansik,1
maante,1
maar,8
maarna,1
maarne,1
maaro,2
maarthi,1
macha,1
machar,1
mad,2
madam,3
made,2
madharchoooooood,1
madhubala,1
madrid,1
mae,1
maen,3
mafia,2
maga,1
magar,7
mah,1
mahal,1
mahan,1
maharashtra,1
mahatama,1
mahdooms,1
maheboob,1
mahengi,1
mahmood,1
mai,41
mail,3
maila,1
maile,2
maili,1
maily,1
main,93
maine,21
mainy,1
maiz,1
maj,1
maj33d,1
maja,1
majboor,1
majbur,1
maje,2
majnu,1
majority,2
makaan,1
makah,1
makha,1
making,2
makng,1
mal,1
malaria,1
malik,5
malkhan,1
mall,1
maloom,6
malti,1
malum,1
mama,6
mamashree,1
mami,1
mammoth,1
mamu,1
man,8
mana,4
manal,1
manaye,1
manchester,1
mandi,2
mang,1
manga,2
mangti,1
manhoos,1
manikchand,1
mann,1
mano,1
mansik,1
manta,2
manti,2
mantri,1
mantrimandal,1
manusmriti,1
many,4
manzil,2
manzoor,1
maot,1
mar,7
mara,1
maraa,1
mare,1
mareez,3
marein,2
mari,1
marijuana,2
mariyum,1
market,3
marksheet,1
marn,1
marna,1
marne,2
marny,2
maro,5
marr,2
marriage,2
married,1
marry,2
marta,1
marte,1
marty,2
marvi,1
mary,1
maryam,1
marzi,1
masala,4
mashaallah,1
mashallah,2
masi,1
masjid,2
masla,4
masomiat,1
masoom,3
masroof,1
mast,3
master,1
masti,2
mat,21
mata,1
matbul,1
match,9
math,1
maths,1
matlab,53
matlabi,1
matlb,1
maula,1
mausam,4
mausan,1
mausi,1
maut,1
may,8
maybe,1
maydan,1
mayyat,3
maza,10
mazaak,1
mazak,2
mazakh,1
mazaq,1
mazay,1
mazdoor,1
mazdooro,1
maze,2
mazeez,1
mazloom,1
mazza,2
mazzay,1
mc,1
mch,1
mcnair,1
me,121
mean,6
meaningless,1
means,2
med,1
media,3
medium,1
meet,2
meethi,1
meeting,3
megha,1
meherbaan,2
mehfil,1
mehmand,1
mehnat,5
mehrabaan,2
mehrbaan,1
mehrbaani,1
mehsoos,1
mei,16
meii,1
mein,75
mejn,1
meko,1
mela,1
melbourne,1
melody,1
memon,3
memory,1
men,7
menambahkan,1
menang,1
menay,1
mene,11
menists,1
mental,1
mention,2
mentions,1
meny,1
mera,40
meraaj,1
merabaan,1
meray,3
mere,42
meri,42
merit,2
mery,1
mese,1
message,2
messi,2
methanol,1
metro,1
mey,2
mg,1
mgr,2
mha,1
mheno,1
middle,1
mil,10
mila,11
milawat,1
milay,1
milaya,2
mile,7
milega,60
mili,4
milk,2
milke,2
milna,1
milne,1
milta,5
miltay,1
milte,1
milti,3
min,3
mind,2
mine,1
mir,2
mirchi,1
misdeeds,2
miss,7
missed,1
mistake,1
mit,1
mitali,1
mitane,1
mite,1
mithai,1
mithu,1
mitjayenge,1
mix,1
mj,1
mja,2
mje,3
mjhe,5
mjhy,2
mjje,1
mlas,1
mn,15
mndr,1
mne,1
mng,1
mns,1
mobile,3
modi,22
modibhakts,1
modified,1
modiji,3
modinama,1
modis,1
mohabat,1
mohabbat,13
mohabbbat,1
mohallr,1
mohhaabbat,1
mohhabat,1
mohobbat,1
mojood,1
moka,2
mom,7
money,1
monh,1
month,2
months,1
mood,5
mooh,1
moon,3
moqa,3
mor,1
more,6
morning,3
morons,1
most,4
mota,2
motay,1
mother,2
moti,2
motivational,1
moun,1
mout,1
mouth,1
move,1
movement,1
movie,2
movies,1
moviez,2
mozo,1
mp,1
mps,1
mr,2
mre,1
mrng,1
ms,1
msd,1
msg,2
msla,1
mt,4
mtlab,1
mtlb,3
muahhh,1
mubark,1
mubham,1
much,3
mufc,1
muffler,1
mufti,1
muh,3
muhabbat,5
muhabbton,2
muhammadur,1
muj,2
muje,14
mujge,1
mujh,13
mujhay,3
mujhe,86
mujhey,2
mujhko,1
mujhse,6
mujhy,9
mujj,1
mujje,1
mujjse,1
mujpey,1
mujse,1
mujy,5
mukam,1
mukesh,1
mukhtasar,2
mukhtlif,1
mulak,1
mulakat,2
mulaqat,2
mulayam,1
mulk,3
mullah,1
mullayum,1
mullon,2
multan,1
mum,1
mumalik,1
mumbai,5
munafik,1
muqaable,1
muqabla,1
murgeki,1
murghi,1
murph,1
musalman,3
musalmani,1
musharaf,1
mushkil,3
mushraf,2
music,4
muskrahat,1
muskura,2
muskurahat,1
muskurate,1
must,4
mute,1
muththi,1
mutual,2
muzakrat,1
mv,1
my,30
myambtmhkb,1
myri,2
myself,1
na,137
naa,14
naaa,1
naacho,1
naadan,1
naag,1
naahi,2
naak,1
naal,1
naam,25
nachega,1
nadan,1
nae,11
naendra,1
nafrat,3
nafsiyati,1
nagin,2
nagrii,1
nah,5
nahane,1
nahe,3
nahee,2
nahi,155
nahii,1
nahin,17
nai,110
nainu,1
najm,1
najuk,1
nakhane,1
nal,1
nam,3
nama,1
namak,2
namaste,2
namaz,1
name,12
nana,1
nanad,1
nand,1
napunsak,1
naqab,1
naqlii,1
nara,1
naraaz,1
naraz,1
narazgi,1
narendra,1
naseeb,4
naseer,1
nasha,2
nashai,1
nashay,2
nashe,1
nasli,1
nasonewali,1
nateeja,1
nation,1
nations,1
nature,1
naughty,2
nautanki,1
nav,1
navin,1
nawab,3
nawaz,6
nawazay,1
nawz,1
nay,6
naya,2
nayi,1
nazar,10
nazeem,1
nazro,1
nazuk,2
nd,5
ne,83
near,2
necklace,2
neechay,1
need,2
needed,1
neel,1
neend,15
negative,1
negatives,1
nehru,1
neighbor,1
neighbors,1
nemenin,1
nendh,1
nepali,2
net,4
neta,1
netaon,1
network,1
never,5
new,11
newborn,1
news,11
newyork,1
next,6
ney,3
nh,7
nhe,6
nhi,63
nhin,1
nhn,1
ni,44
ni8,1
nibha,1
nice,3
niche,1
nidar,1
nigaar,4
nigah,1
night,13
nightmare,1
nigs,1
nikal,8
nikala,2
nikale,1
nikalnay,1
nikalo,1
nikalte,1
nikhal,1
nikhil,1
nikhle,1
niklain,1
nikli,1
nilavu,1
nimbu,1
nind,51
nipta,2
niqab,1
niral,2
nirgun,1
nisar,1
nishi,1
nit,1
nitesh,1
niti,2
niyat,1
no,12
nobody,1
nojwan,1
nokia,1
non,1
nonono,1
nonsense,1
noodles,1
noor,1
noora,1
nope,1
nops,1
normal,1
not,12
note,1
notifications,1
noutanki,1
nov,2
november,3
novembr,1
novemeber,1
now,12
nr,1
nt,2
ntwork,1
nu,1
nuff,2
nukar,1
nuksaan,1
null,1
num,3
number,3
nuqsaan,1
nus,1
nxm,1
ny,4
nyare,1
nyt,1
nzren,1
obama,5
objection,1
oceans,1
odi,1
of,37
off,6
offff,1
office,4
officer,1
officially,1
officialy,1
oh,12
ohh,3
ohhh,1
ohkk,1
ok,14
okaat,1
okat,1
okay,4
ol,1
olaad,1
olad,4
old,2
oman,1
omar,1
omg,1
on,26
one,8
online,3
only,5
onside,1
ookaat,1
ooncha,1
op,1
or,49
oral,1
orh,1
orignal,1
osaama,1
oska,1
osmaan,2
osne,1
other,1
otono,1
our,9
out,7
outlet,1
outrage,4
over,4
overthinking,1
owaisi,2
own,2
ownership,1
oye,1
pa,3
paaji,1
paan,3
paana,1
paane,1
paani,2
paas,6
pabandi,1
pace,3
pacekts,1
pachtao,1
pachtaogay,1
pachtava,1
packts,1
pad,1
pada,2
pade,2
padega,1
padegi,1
padenge,2
padhai,1
padhne,1
padho,1
padhta,2
padhunga,1
padi,4
padne,1
pado,1
padsnd,1
padti,1
pae,1
pagal,66
page,2
pagli,2
pahle,2
pahli,1
pahuch,1
pahunch,2
pahuncha,1
paid,1
paida,2
paisa,6
paisay,1
paise,4
pait,2
pak,7
pakane,1
pakay,1
pakd,1
paki,2
pakistan,15
pakistani,3
pakistanio,1
pakka,2
pakke,1
pakles,1
pakora,2
pal,7
palak,1
palanhare,1
palkhi,1
palne,1
pan,11
panchi,1
pandit,3
pani,9
pankh,1
papa,5
papaji,1
papapa,1
paper,2
pappu,1
par,39
paraathe,1
parade,2
parag,1
parasti,1
parda,1
pardesi,1
parega,1
parents,3
pareshan,2
parfuum,1
parh,6
parha,3
parhai,1
parhe,1
parhega,2
parhegi,1
parhne,1
parhta,1
pari,1
park,1
parle,1
parliament,1
paro,2
parpudi,1
parshad,1
parso,1
part,1
participate,1
parties,2
party,15
pas,1
pasanad,1
pasand,73
pasar,1
paseena,1
pasha,1
pasnd,1
pass,7
passs,1
past,2
paste,2
pata,28
pataa,1
patanai,2
patel,2
pathan,1
pathar,2
patharme,1
pather,1
pati,1
patrakar,1
patshala,1
patthar,1
patto,1
pawan,1
pay,2
paya,2
payagi,1
payar,2
payari,1
payega,1
payenge,1
pckage,1
pe,51
pechan,2
peche,1
pee,4
peeche,3
peee,1
peekai,1
peena,1
peene,1
peet,1
peeta,1
peg,1
pehchan,1
pehla,2
pehlay,1
pehle,11
pehli,11
pel,2
pelne,1
pena,2
peon,1
people,10
per,17
pereshan,2
perfection,1
perha,1
permisson,1
person,4
personal,2
persons,1
pese,1
peshoo,1
phaad,1
phadday,1
phaink,2
phanse,1
pharmaciston,1
pheebs,1
pheeni,1
phenke,1
pher,3
philosophy,1
phir,35
phle,1
phodhne,1
phone,7
phool,24
phoolon,4
photographer,1
photoshop,1
phr,7
phuppi,1
phuppo,1
physics,1
pi,4
pic,9
pichay,2
piche,1
pichkari,1
pichle,1
pichwada,1
pichy,1
pick,1
piece,1
piers,1
pig,2
pighalti,1
pijie,1
piku,1
pilla,2
pilot,1
pine,1
pita,7
pitaji,5
pity,1
piyaas,1
piyara,1
piye,1
piyu,1
pizza,2
pk,1
plaega,1
plan,2
plane,1
planet,1
plastic,1
platform,1
play,2
players,2
playing,1
playlist,1
pleas,1
please,4
pljj,1
pljjj,1
pls,6
plz,10
plzz,1
plzzz,1
plzzzzzz,1
plzzzzzzzzz,1
plzzzzzzzzzz,1
pm,7
pmln,2
pochne,1
pocho,1
poetic,1
poetry,6
pohancho,1
pohanchy,1
pohnch,1
point,1
poisons,1
pokct,1
police,1
policy,2
political,1
politicians,2
politics,2
pondi,1
ponka,1
poo,1
poocha,1
pooja,1
poojna,1
poonch,1
poondi,1
pooondi,1
poor,3
poora,2
poori,5
poorwaj,1
popkorn,1
popular,1
pora,3
porn,1
pornnisa,1
pose,1
positive,2
possession,1
possible,1
post,4
poster,1
potency,1
poth,1
power,2
poz,1
pp,1
ppl,2
ppp,2
pr,15
prabhakar,1
prabhu,1
prachar,1
practical,1
pradyuman,1
pranam,1
praneet,1
prati,2
prayin,1
prblm,2
pre,1
precap,1
precise,1
predictable,1
preety,1
prefer,1
pregnant,1
prep,1
presentation,1
presents,1
preshan,1
president,1
previous,1
previously,1
princes,1
prinda,1
prinday,1
pritam,2
priya,2
priyanka,1
prob,1
problem,3
production,1
products,2
programme,1
programming,1
project,1
promise,1
promiss,1
promo,2
proof,1
property,1
proposed,1
protest,1
proud,3
prove,1
psf,1
psnd,1
psu,1
psychoanalysis,1
pta,17
ptawari,1
pti,7
public,2
published,1
pucha,2
puche,1
puchengy,2
puchi,1
puchiye,1
puchna,1
puchte,1
puchti,1
puck,1
pujo,1
pul,1
pune,3
puneet,3
punjabi,3
punjabians,1
punta,1
punter,1
puny,1
pura,3
puraanaa,1
purana,3
purani,2
pure,4
puri,5
purity,1
purne,1
putar,1
puttar,1
pveetur,1
pvt,2
py,5
pyaar,41
pyaas,27
pyar,23
pyara,1
pyare,1
pyase,1
pyaso,1
pyr,1
qaatil,1
qabool,1
qad,2
qadam,1
qadar,4
qareeb,1
qatil,2
qaum,2
qeemat,1
qehat,1
qismat,2
qmobile,1
qoam,1
quality,1
qubool,1
qudrat,1
queen,1
question,1
questions,1
quoaaaa,1
quota,1
quraishi,1
qus,1
ra,4
raah,1
raaj,2
raand,4
raaste,1
raat,19
raati,2
raatko,1
raato,2
raaton,1
raaz,2
rab,4
rabdino,2
rae,1
raga,1
ragad,2
raghu,2
rago,1
rah,3
raha,66
rahaa,1
rahay,7
rahe,30
raheem,1
rahega,3
rahegi,1
raheho,1
rahein,3
rahenge,3
rahi,23
rahin,1
rahiye,1
rahiyo,1
raho,5
rahon,1
rahtai,1
rahte,1
rahti,2
rahul,4
rai,4
raid,1
railgate,1
railway,1
raja,1
rajnath,1
rajniti,1
rajshree,1
rajya,1
rak,1
rakaha,1
rakh,6
rakha,5
rakhe,2
rakhen,1
rakhi,1
rakhiye,1
rakho,1
rakhta,1
rakhte,1
rakhti,3
rallies,2
rally,1
ram,1
ramji,1
rampal,1
ran,1
rana,1
randi,2
rang,1
ranveer,1
rasheed,1
rasheeda,1
rasm,1
rasta,2
raste,1
rastey,1
rasul,1
rat,5
rata,1
ratan,1
rate,2
rather,2
rati,1
rational,2
ratri,1
ratta,4
rawalpindi,1
razdaar,1
rday,1
re,15
reach,1
react,1
read,1
reader,1
real,4
really,4
realy,1
rearrange,2
receive,1
receiving,1
recognize,1
recommend,1
red,1
ref,1
registan,1
reh,4
reha,2
rehay,1
rehien,1
rehkar,1
rehman,1
rehmat,2
rehna,4
rehne,3
rehta,7
rehte,2
rehtey,1
rehti,7
rehty,3
reject,1
rekha,1
related,1
relation,1
relax,1
released,2
religion,2
remember,1
reminded,1
repeat,1
repel,1
repels,1
replies,1
reply,14
report,2
reporting,1
req,1
request,1
research,1
resign,2
reson,1
respected,1
response,1
rest,2
restaurant,1
result,1
results,1
return,2
returned,1
returning,2
returns,1
reva,1
review,1
rha,16
rhaay,1
rhay,2
rhe,6
rhen,2
rhengi,1
rhi,7
rhta,1
rhy,2
ri,2
riaz,2
rich,3
rickshaw,1
rigged,1
right,3
rind,1
ringtone,1
rishta,1
rishtay,1
risk,1
rivers,1
rkha,1
rkhnese,1
ro,5
road,2
roads,1
roar,1
rob,1
robert,1
robinhood,1
rocking,1
rockstar,1
rofl,3
roflmao,1
rohit,1
rojgaar,1
rok,2
rokar,2
role,1
rona,2
rone,1
ronit,1
roo,1
room,2
rootho,1
roots,1
rooz,1
roses,2
rota,1
rote,1
roti,1
router,1
roy,1
roya,1
roye,2
roz,6
rozana,1
rpt,1
rqxt,1
rs,2
rs40k,1
rt,309
rts,2
rub,1
ruju,1
ruk,2
ruka,1
rukega,1
ruko,1
ruks,1
rulata,1
rulate,1
rule,1
rup,1
rupiya,1
russia,1
ry,1
sa,18
saa,2
saab,5
saadi,1
saaf,1
saahil,1
saal,7
saala,2
saale,1
saamne,2
saara,28
saare,8
saari,6
saary,1
saasu,1
saat,4
saath,11
saawan,1
sab,39
sabak,1
sabb,1
sabhi,4
sabit,1
sabke,1
sabki,1
sabko,5
sabsay,1
sabse,6
sabu,1
saccha,1
sach,4
sacha,4
sachcha,1
sachhe,1
sacrifice,1
sad,4
sadar,2
sadbuddhi,1
sadhko,1
sadiyon,1
sadiyun,2
safaa,1
safai,1
safe,1
saha,1
sahab,3
sahafion,1
sahb,1
saheb,1
saher,1
sahi,40
sahib,1
sahii,1
sahil,1
sahna,1
sai,3
said,2
sailaab,1
sajdah,1
sajdy,1
sajna,1
sajnaaa,1
sakal,1
sakate,2
sake,1
sakeaurkoi,1
sakenge,1
sakht,1
sakoon,1
sakta,11
sakte,7
sakth,1
sakti,5
sakty,1
sakun,1
sal,3
sala,8
salabrety,1
salam,1
salamat,2
salamuddin,2
sale,6
salemn,1
sales,1
salesman,1
sali,1
salima,1
sallu,1
salman,11
salmaniac,1
salmaniacs,3
salmanians,1
salmankhan,1
salo,2
salute,1
samaghdaar,1
samaj,4
samajh,5
samajhawan,1
samajhna,1
samajhne,1
samajty,1
samandar,1
samay,1
same,9
samgha,1
samjha,3
samjhana,1
samjhin,1
samjho,1
samjhon,1
samjhun,1
samne,6
samya,1
san,2
sanam,3
sanana,1
sanbhalo,1
sandeep,1
sandwich,1
sane,1
sangam,1
sangeen,1
sankalp,2
sans,1
sansar,1
sanskrit,3
santoshkuswaha,1
santulan,1
sanwara,1
sapna,5
sapne,2
sapno,1
sapnon,1
sapoot,1
sar,4
sara,2
sarah,3
saray,1
sarcasm,1
sardaar,1
sardi,3
sardian,1
sardiyo,2
sare,2
saree,1
sarikatalwar,1
sarkaar,1
sarkaari,1
sarmaya,1
sarr,1
sary,2
sath,21
satmati,1
satta,1
saturday,1
sauda,1
saudi,1
saw,1
sawaal,2
sawaar,1
sawab,1
sawal,2
sawan,1
say,27
saya,1
sayani,1
saying,2
says,1
saza,2
sb,9
sbra,1
sbse,1
scary,1
scene,2
sch,2
school,4
scope,1
score,2
screening,1
screw,1
se,241
seance,2
season,1
sec,2
see,9
seedha,1
seeing,1
seeker,1
seekhni,1
seekho,1
seems,2
seen,1
seenay,1
sei,1
sekh,2
sekhke,1
select,1
selfies,1
selfish,2
selling,2
sem,1
semarangnya,1
semifinal,1
sena,3
send,3
senorita,1
separist,1
sequel,1
sequence,1
series,1
serious,3
seriusly,1
serving,1
set,1
sex,2
sey,6
sfir,1
sh,1
sha,1
shaadi,3
shaam,5
shaan,1
shaanivaar,1
shaaririk,1
shab,1
shabab,1
shabad,1
shabado,1
shabash,1
shabbakhair,1
shade,1
shadeed,1
shadi,4
shadiyan,2
shaed,1
shah,4
shahi,1
shahr,1
shahzad,2
shahzadians,1
shaid,1
shair,8
shak,1
shaka,1
shaks,1
shakti,1
shakuni,2
sham,1
shame,1
shammoliat,1
shan,1
shanivar,2
shaniwar,1
shano,1
shanti,1
shanu,1
shar,1
sharaab,1
sharab,1
sharam,4
sharda,1
share,5
shared,2
shareef,2
sharif,1
shariff,1
sharing,1
sharjeel,1
sharma,2
sharmaati,1
sharmata,1
sharminda,1
sharnsh,1
shartein,1
shatir,1
shaup,1
shaved,1
shay,1
shayad,2
shayd,1
shayed,4
shayeri,1
she,7
shehbazsharif,1
shehr,1
sheik,1
sheikh,2
sheir,3
sher,3
sherali,1
sherlock,1
shero,1
sheshay,1
shikwe,1
shinchen,1
shipment,1
shirt,1
shit,3
shiva,1
shivsena,1
shmjti,1
shoelaces,1
shohrat,2
shok,2
sholo,1
shonu,1
shoo,1
shook,1
shop,3
shops,2
shoq,2
shoroo,1
shot,1
should,3
show,4
shows,1
shreef,1
shri,1
shud,1
shudnt,1
shughal,1
shukarrr,1
shukria,2
shuru,3
shweta,1
shyaar,1
shyed,1
si,13
siap,1
sick,1
sickuliars,1
sid,1
sideline,1
sies,1
signal,1
sigrat,1
sik,1
sikhai,1
sikhaye,1
silant,1
silencer,1
silent,1
simple,2
simplicity,1
simran,1
sinaga,1
since,1
sincerely,1
sindh,2
sindhi,1
sindhis,1
sindhiyo,1
sing,1
singer,1
singers,1
singh,5
singhhh,1
singing,1
single,1
sings,1
sinha,1
sir,24
sirajulhaq,2
sirdi,1
sirf,22
sis,1
sister,3
sitam,1
sitara,1
sitcom,1
sites,1
situation,1
siway,1
siwayae,1
siyasi,1
sj,1
sk,1
skills,1
skipped,1
skoon,1
sktay,1
skti,1
skty,1
sku,1
slapped,1
sleep,2
slogan,1
slow,1
slut,1
sm,1
smaj,1
small,1
smarthak,1
smell,1
smhajkar,1
smile,1
smiritji,1
smjh,3
smjte,1
smne,1
smoker,1
smoking,2
snap,1
snd,2
so,31
so0ch,1
socch,1
soch,9
socha,5
soche,1
sochenge,1
sochne,1
sochny,1
sochta,2
sochynge,2
social,2
socket,1
sofia,1
sogai,1
sohii,1
soja,1
sojahaoo,1
sojao,1
sojati,1
sokar,2
solve,1
some,2
something,1
sometime,1
son,1
sona,3
sonalee,1
sonali,2
sonay,1
sone,2
song,6
songs,3
sonuh,1
sonuholic,1
soo,3
sookh,1
soon,2
soonta,1
sooo,2
sorry,4
soso,1
sota,1
sotaa,2
sou,1
sound,1
soup,2
sources,1
south,1
souti,1
soya,1
soye,2
soyegi,1
soyi,1
sp,1
spacial,1
spain,1
spam,1
specially,1
speech,1
speed,1
speeeeeeeeed,1
spinner,1
spit,1
spits,1
spitting,2
spoiling,1
sponsored,1
spoof,1
spoofin,1
spoon,1
sport,1
sports,1
spotify,1
spotted,1
spread,1
sprt,1
square,1
srk,3
srkar,1
srkian,1
srkians,4
ss,1
sta,1
stadium,3
stamina,1
standard,1
star,2
stars,1
start,6
started,1
state,1
station,1
stations,1
statistics,1
stats,1
stay,2
staying,1
steps,1
stfu,1
sth,3
sthano,1
sticks,1
stiil,1
still,9
stop,5
strange,1
streets,2
strength,1
strewn,1
stric,1
strike,1
strikes,1
student,3
stupid,3
stuti,1
suar,1
sub,8
subah,3
subha,1
subhaa,1
subhan,1
subhangi,2
submit,1
subsay,1
subtweets,2
success,1
such,6
suche,1
sucks,1
suddenly,1
sudhar,1
suhani,1
suit,2
sujawal,1
sukanya,1
sukh,1
sukoon,2
sukriya,1
sukun,1
suljhao,1
sultan,1
sulte,1
sum,1
sumaira,1
summer,1
sun,6
suna,7
sunaen,1
sunaon,1
sunay,1
sunaya,1
sunday,5
sunil,2
sunna,3
suno,1
sunooo,1
sunta,2
sunte,1
sunuga,2
super,4
supernatural,1
superstar,1
supnaaaaa,1
supper,1
supply,1
support,5
supports,1
suppose,1
supposed,1
supposedly,1
supream,1
suraj,1
surat,2
sure,4
surgery,1
surrounded,1
surrounding,1
suru,1
survive,1
sutta,1
swachta,1
swargate,1
swatch,1
sway,1
sweet,4
sweety,1
swiss,1
swt,2
sy,4
syad,1
sydney,1
symbolism,1
syrup,1
system,2
t0,2
t20,1
ta,1
taa,1
taak,1
taanga,1
taaqat,1
taara,1
taarey,1
tab,7
tabah,1
tabbasum,1
tabbhi,1
tabdeeli,1
tabha,1
tabhi,1
tabiat,1
tabiyat,1
tabka,1
table,1
tadaad,1
tag,1
taj,3
tak,19
taka,1
take,5
takecare,1
taking,1
takk,1
takkey,1
taklla,2
takreebna,1
takribane,1
tala,1
talaash,1
talash,2
talking,2
talli,2
talve,1
tamana,4
tamanna,1
tambakoo,1
tambaku,1
tameez,3
tan,1
tandip,1
tang,1
tangwa,1
tanhai,1
tanhayi,1
tank,1
tanna,3
tape,1
taporyon,1
tapta,1
tapti,1
taqat,1
tara,2
taraf,1
tarah,6
tare,2
tareef,2
tareeke,1
tareen,1
taref,1
tares,1
target,1
tarha,4
tarhan,1
tarika,2
tarjeeh,1
tarp,2
tarse,1
tasalli,2
tashnagi,2
task,1
taste,4
tat,1
tau,4
tauba,1
taweet,1
tax,7
taxation,1
taxes,1
taxu,1
tay,2
tayyar,2
taza,1
tazaad,1
tazdeel,1
tbh,1
tbhi,2
te,2
tea,1
teacher,4
teachr,1
team,1
teaser,1
teb,1
techapamornkul,1
tee,1
teen,1
teenday,1
teeno,2
tekedar,1
tell,2
tells,1
temp,2
tenu,2
teo,1
tera,18
teray,3
tere,18
tereh,1
tereko,2
teri,11
term,1
terms,1
test,1
tested,1
texting,1
tey,1
tez,1
th,2
tha,63
thaa,2
thaaa,1
thak,2
thaki,1
than,6
thank,3
thanks,12
thankyou,2
thanx,1
thappar,1
thar,4
that,17
thay,7
the,67
theak,1
thee,2
theek,4
theen,1
their,1
thek,3
them,2
then,10
thenga,2
there,8
these,5
they,9
thi,35
thick,1
thik,2
things,2
thinh,1
think,7
thinking,1
this,19
thm,1
thnu,1
tho,2
thobda,1
thoda,10
thoda2,1
thodi,4
thokte,1
thookoonga,1
thora,5
thori,7
thorough,1
those,3
thought,1
thoughtful,2
thq,1
throwback,1
thts,1
thukra0,2
thullu,3
thur,1
thursday,1
thy,5
thyy,1
ticket,1
tigers,1
tight,3
tik,1
tikegi,1
till,1
time,21
times,2
timing,1
tingutards,1
tishna,1
title,2
tiyar,1
tjhse,1
tk,5
tkd,1
tki,1
tl,5
tm,6
tmara,1
tmare,1
tme,1
tmhare,1
tmharey,1
tmhari,2
tmhre,1
tmlogo,1
tmny,1
tmrw,1
tmsy,2
to,286
tobacco,3
tod,1
today,7
toe,1
tofani,1
together,2
toh,68
tohfa,2
toing,1
toishi,1
tokraa,1
told,1
tolee,1
tonic,1
tonight,1
too,9
toofan,1
tooo,1
toot,3
tooter,1
toothpaste,1
top,1
topic,1
tor,3
tot,1
total,2
totkay,1
tou,26
tough,1
town,3
tra,1
track,1
trailer,24
train,2
translation,1
translator,1
trash,1
travelled,1
tre,1
treat,1
trend,9
trh,1
trhaa,1
triangle,1
tried,1
trivedi,1
troll,1
trolls,1
troubles,1
trps,1
trst,1
true,1
truly,1
trust,2
truth,2
try,4
trying,1
tryna,1
tsunami,1
tu,81
tuaha,2
tudwa,1
tuesday,1
tuh,1
tuje,6
tujh,2
tujhay,3
tujhe,17
tujhpe,1
tujhse,2
tujhy,1
tujko,1
tujse,1
tujy,1
tuk,3
tukere,1
tukre,1
tukroon,1
tulsi,1
tum,74
tumare,3
tumari,1
tumbes,1
tume,1
tumhaara,1
tumhai,1
tumhain,1
tumhara,28
tumhare,6
tumharee,2
tumhari,7
tumhe,10
tumhein,4
tumhy,1
tumi,1
tumko,6
tumne,2
tumra,1
tumse,2
tun,1
tune,6
tunne,1
tuo,1
turnover,1
turns,1
tussi,1
tusti,1
tut,2
tuta,1
tute,1
tutega,3
tv,9
tw,2
tweet,13
tweeted,1
tweeter,2
tweeting,3
tweetiya,1
tweets,9
twinkle,2
twitter,7
twittr,1
two,1
tym,1
type,2
typing,1
uani,2
ubara,1
uchal,1
ud,3
uda,1
udas,1
udashone,1
udhar,3
uf,1
uff,2
ugal,1
ujrat,1
uljhan,1
ulte,1
ultimate,1
um,1
umar,4
umeed,4
umer,1
umid,2
umide,2
ummeed,1
umra,1
un,2
unbelievable,2
unblind,1
unblock,2
uncivilized,1
uncle,7
underestimate,1
une,1
unfair,2
unfollow,2
unga,1
ungli,2
unhain,1
unhe,4
unhein,1
unhi,1
unhone,2
uni,1
unikrishnan,1
unique,1
united,2
unka,4
unke,3
unki,5
unko,7
unlike,1
unlogo,1
unlucky,1
unpar,1
unproductive,1
unse,2
uorn,1
up,5
upar,2
updates,1
upen,5
uper,5
uphar,1
ups,2
upset,1
ur,8
ura,1
uraathay,1
urati,1
urdta,1
urdu,1
urh,2
urny,1
us,28
usake,1
usay,1
use,10
used,2
user,1
users,2
usiliye,1
usin,1
uska,5
uske,7
uskey,2
uski,13
uskii,1
usko,19
usman,1
usme,1
usne,4
uspe,1
uss,1
ussay,1
usse,5
ussko,2
ustad,1
usy,1
utaarna,1
utar,1
utd,1
uth,2
uthai,1
uthale,1
uthalete,1
uthao,1
utharwai,1
uthi,1
uthna,1
uthni,1
uthoge,1
utility,1
utna,1
utni,2
uttarakhand,1
uuthi,1
va,1
vaddhaa,1
vadon,1
vadra,2
vadragate,1
vague,1
vahi,2
vaise,1
vala,3
valmiki,1
var,1
varna,4
vastav,1
vasundhra,1
vd,1
ve,1
veena,1
verse,2
version,1
very,3
vi,2
via,4
vibes,1
victory,1
video,2
vidhata,1
vidhayak,1
viewers,1
villian,1
vimal,1
vip,1
vipassana,1
viran,1
virgo,2
virhan,1
vistaar,1
vm,1
vo,18
voh,2
void,1
vol,1
vote,5
voted,1
votes,1
voting,1
vtrs,1
wa,4
waah,1
waala,3
waale,4
waali,1
waalii,1
waalo,1
waalon,1
waat,1
wada,1
wadi,1
waesey,1
wafa,6
wafers,1
wah,6
waha,3
wahan,9
waheyat,1
wahi,2
waisay,4
waise,10
waisey,1
waisii,1
waisy,2
wait,5
waiter,2
waiting,23
waja,2
wajah,1
wajood,1
wala,18
walas,2
walay,2
wale,17
wali,16
walid,1
walk,2
wall,1
walls,1
walo,3
walon,3
waloo,1
waly,3
wanna,4
want,3
wanted,1
waoo,1
waow,1
wapas,3
wapis,1
waps,3
waqai,1
waqar,1
waqas,1
waqt,5
waqti,1
ward,1
warna,7
warning,1
warrant,1
was,16
wash,1
wasiyyat,1
wasn,1
waste,2
wasy,1
watch,2
watching,1
wattooo,1
way,6
wazarat,1
wazeer,1
wch,1
we,12
wearin,1
weather,2
wedding,1
weed,1
week,5
weekend,2
weekly,1
wehmi,1
wehshi,1
weight,3
welcome,5
well,5
wenger,2
were,5
wesay,1
wese,5
western,1
wesy,3
what,13
whatsapp,1
when,4
whenever,1
where,4
wherein,1
whi,1
which,1
whisky,1
white,1
who,5
whoever,1
whom,1
whr,1
wht,1
why,5
whyyyyyy,1
wicked,1
wid,1
wife,2
wifi,2
wik,1
will,20
wilshere,3
win,2
windows,1
wink,1
winner,1
winter,1
winti,1
wish,1
wishing,1
wit,1
with,21
without,1
wiyrkkjknh,1
wja,1
wla,1
wo,51
woah,1
woh,31
wohi,6
wohoo,1
woker,1
wolves,1
women,2
won,1
wonder,2
wonderful,2
wondering,1
wont,1
woo,1
wood,1
words,3
work,3
working,1
worldwide,1
worm,1
would,3
wow,2
wrappers,1
writer,1
written,1
wrk,1
ws,1
wspis,1
wud,1
xchii,1
xd,10
xp,4
xx,1
ya,32
yaa,5
yaaaaahuuuuuu,1
yaaar,1
yaad,23
yaakh,1
yaar,21
yad,7
yadon,2
yae,1
yah,1
yaha,6
yahan,10
yahanse,1
yahi,6
yakeen,3
yallah,1
yamm,1
yani,2
yaqeen,4
yar,13
yara,1
yawning,1
yayy,1
ye,120
yea,1
yeah,9
year,4
years,3
yee,1
yeh,54
yehi,9
yes,3
yess,1
yessir,1
yesterday,1
yet,1
yh,2
yhi,1
yo,4
yoon,1
you,50
young,1
youngster,1
your,6
yoyo,1
yr,6
yuhi,1
yun,2
yunhi,1
yup,1
zaahid,1
zaban,1
zabardasti,1
zada,1
zahid,1
zahir,1
zain,2
zaisha,1
zakhmi,1
zalim,1
zamana,4
zameer,1
zanjeer,1
zar,1
zara,9
zardari,5
zaroor,2
zaror,1
zarurat,1
zaya,3
zayada,65
zda,1
zehar,1
zeher,1
zehreela,1
ziada,2
zid,1
zikar,1
zikr,1
zillat,1
zilly,1
zinda,2
zindaa,1
zindaagi,1
zindage,2
zindagi,14
zindgi,3
ziyada,1
zrra,1
zuban,1
zulam,1
zyada,3
