 han wo end tk frnd rhengi may be coz kuch b ho wo ek dusre ka sth ni chordti,1
 haha ek or problemmeri class mai larkiyaan nahi hain thori bhejdop,1
 kuchh log ek roz jo bichad jate hainwoh hazaron ke aane se milte nahin ,1
 india ke sabse bade super stars apna ego bhula ke ek dusre ke gale mil rahe haito humari akkad kiss baat kisrkianssal,1
 bhaiya life m koi saat dene vala nhi h isiliye ek umid s apko bolta hushayed kapil bhaiya life m thoda saat dede plz help me,1
 hahaha haan koi pagal hi hoga jo kare ga,1
 aankhon ko bhi le dooba ye dil kapagalpan aate jaate jo milta haitumsa hi lagta hai ,1
 jin larkiyon ko yaqeen ho jaye k unhein ik ka rishta nai mil sakta woh marvi memon ki tara pagal ho jati hen,1
 aaeee pagal hai kiya bhai,1
 mazak tha na pagal ok is ok,1
 yaha kiya tu sab pagal ho jange uske peche mera hath us pe he aur tumhare liye rub kr raha hon,1
 ye sale aap wale to ekdam se pagal hai bhaiphotoshop ki dukaan khol haikejri haar gya to ye jihad suru kar denge,1
 lol this is what we call love pagal hai d,1
 sabhi mujhy pagal boltay hain ,1
 nhi pagal teacher hmare baap ki jga hota haibut his name is zain osmaan and he is soo cuteand im his fav student haha,1
kisi ki chahat mein itne pagal na hona ho sakta hy wo tumhari manzil na ho us ki muskurahat ko izharemohabbat ,1
 yeahall those tweets making me super happy proud to be his pagal sonuh,1
 out hai pagal u think he is high wid marijuana p d,1
 pagal sojahaoo abb d,1
 pagal ho she is not of that kind yaar and tu reply kyun nahi kar raha mere mentions ko ,1
 kya karun is pagal larki ka mn ,1
 pagal pagal pagal p,1
hum teri yadon me khoye rahte hailog hme pagal deewana kahte haivirhan ki agnee me pal pal tapti ,1
 ptawari to pagal hogae honge d ak to gujranwalastandswithik uper se inqilabinbhakkar d waoo amazing ikandtuqbestcomb,1
 hahaha issi liyay bio aysi rakhi hai kay sirf pagal log follow karain xd ,1
 pagal soye soye koi tweet krta hai kya ,1
poo maalaiye pagal nilavu irlradio,1
 bas itna happy nuff ha aur pagal ho jaogi ,1
 ma pagal ho jaungipcome to personal chatwill explain u,1
 yes he isbut shar n zar ka gulaam naibtw all khans are pagal ,1
 oh thankyou for the translation but no thankyou as well cos mene waja puchi pagal p,1
 yeahall those tweets making me super happy proud to be his pagal sonuholic d,1
 as for staying the way i amhum toh bachpan se hi aise hai lmao thora pagal thora samaghdaar wink,1
main pagal us k pichay vo pagal kisi or k pichaysary pagal agy pichyachasorry,1
 hahaha pagal ho tum ab yakeen hgya mjhe ,1
 taklla pagal hogeya hai sabse cheep game play krrha hai ye ali kulli patanai ye bbfans ko pasand ha unbelievable,1
 hahahahah sab pagal ho chuke n credit goes to sarah the great ,1
 hahah pagal just asking tmara wait kyun krnga ,1
 mujy bhe arz aya aiknam tu janoon main bhool giya hoon tera ab tu rehta hai honto pr bs dharna dharna pagal ho gya,1
hahahahah sab pagal ho chuke n credit goes to sarah the great ,1
 main nay to itna insist kiya ha follow he nai krty hanbus aik hm han k in k liey pagal han tt,1
 your welcome pagal ,1
 pagalabey ganey sun ri thi,1
agar pakistani politicians ka psychoanalysis kerwaya jae tu 98 100 pagal niklain ge balke khatarnak pagal,1
 hahahahahhahahahahahhahahah damn its the only sohii the great pagal ,1
 lo gpta tha mujheysir plzzz apni is pagal fan ko bhi reply kar dein ,1
 yeah pagal kar dia ,1
 haabata pagal wewantharshikaback btwim still kinda upset bt ok bata,1
chalo i am going to sleep now half of the people wondering with whom we are talking pagal samajh rahe hain hahahaha takecare pheebs ,1
 hahahahaha lol i wasnt lying at all amp thanks pagal soso ,1
bc sub united fan fb aur whatsapp per message ker ker k pagal ho rahay hain why,1
 hum yahi kehte hain k is aadmi ki baatoon per na jao gonawazgo ,1
 dil behlany k liye guftugu krte hain loog hum semaloom to mujhy bhi hai k hum kisi ko achay nahi lagte,1
hum nazuk buhat hain pani k bulbulay ki tarha ltltltdostgtgtgtzara sa thukra0 gy t0 dh0ndty reh ja0 gy,1
bataoo naa iss gustakhii ki saza kiya hoo gi agar hum kah de key hum tum pe marty hainahad amp 7284,1
har baar hum hi jeetenge mum letsfootball ,1
ya to hum musalman gaddar heya dushman musalmani ka niqab phenke humse gaddari kare hekon he ye log ju pakistan tabah krne per tolee howe,1
 unse keh do itne anmol to nahi magarhamari qadar kar leshayad hamare baad koi hum jaisa use yaadkarne wala na mile ,1
 jo bolna hai bolo humnay deekha aur hum iman layeeinternationalprideik wearewithhaqiwantalifeinwhich such ki kadar ho,1
 ap pyar se bulao hum kal hi hazir ho jatay hen p,1
 lol woh to hum dekh he rhen hain or kya kya dikhana baqi hai abhi aik baar he dikha do na sb kuch p,1
 haan matlab humara mutual na ho hum usko bolengy k hum uskey dur k cousins hen us se puchengy k tm kahan gyb hogaey thay,1
 hum larkoon ke waja se maili larkiyaan twitter celeb bani hue hain,1
 hum samajh sakty hain yeh dard jo ji ne dedia hai pti aur pmln walon ko ,1
 hum can i come lick hier cum ,1
 srkianssalmaniacstogether hello to all srk fans there agr dosti ka haat badaya h to hum bhi piche nae hatenge,1
jo bolna hai bolo humnay deekha aur hum iman layeeinternationalprideik wearewithhaqiwantalifeinwhich such ki kadar ho,1
 pta nae dono me se kon bechara hy p,1
 aap dono ko good night have a wonderful time cheers ,1
dont underestimate 2 things1 speed breaker2 heartbreaker cause dono he bohat nuqsaan daitai hain,1
 aaj wo sbse jyaa khus honge jinke favrt dono hai dhinka chikalungi dance srkianssalmaniacstogether httptco,1
 hai wo dono end tk friend rahay tou a cha hai,1
 srkianssalmaniacstogethersalmaniacs gud newssrkians gud newsakkians hum to jaante the bhut pehle se dono mile h,1
 dono mazzay lay rehay hain,1
a chand ki kirno jaoo naa tum ussko chu kar aaoo wo kab kiya kiya karta hai wo jaghta hai yaa sotaa ,1
 tumsayachakaunhai4tum aaoge to phoolon ki barsaat karengemausam ke fariston se meri baat hogai hai ,1
 aj tum cha gye ,1
tabbasum cheen kar mera na jany kya mila us komujhe wo khud hi kehta tha tum hansty achy lagty ho,1
 itna acha nam he tumhara kha makha kia kar dia tum ne mariyum ko meii yamm bana dia koi tuk hi nahi banta,1
 uthuth ke kisi ka intzaar karke dekhnakabhi tum kisi se pyar karke dekhna,1
 mujh masoom ko maro ge tum,1
 tum apni tanhayi mere naam kar doaisi nigah se dekho k shaam kardo ,1
 musharaf wohi he jiske joote chat k tum dum daba k jeddah bhage theap kom k ghadar ho jo still against army ho,1
 is desh ka to bhagwan hi malik hai unlike popular beliefbjp will screw us more financiallyfuture looks dark,1
 aise hi like kaam achhe karunga kisi ka bura nahi karunga sabki help karunga zarurat kya h bhagwan ki,1
beyonce ka pichwada and deepika ka agwadaallah ke naam pe de de bhagwan,1
 aayegi baba aayegi aapki tamana aayegi bhagwan aapki yeh tamana ek din jarur puri karega,1
 hmmmm bhagwan har bande ki tamanna puri karta hai ,1
 badhaiya bhagwan nav dampati ko aashish or sukh de,1
 bhagwan fellaini aapko padhne ki shakti aur taaqat de jaifellaini,1
mere liye mere desh se bada koi religion nahi desh hi mera bhagwan desh hi mera religion,1
jo mn pveetur he wo mn mndr heus mn ke bheetr bhagwan biraajmaan hota heaesy mn ko poojna chaahyegyanchand ampshakakhipro,1
 aagar aap mujhe just aashirwad kahinge toh mera life main bhagwan ka aashirwad milega pls uncle,1
 bhagwan nhi tuje bane ki duniya ki sabse bade galat kiya h2rs krk,1
bhagwan ap bhi na bacche ka jaan lenge kya feeling fed up,1
 sab hame marne chahte heyhey bhagwanuthale,1
bhai ho to aap ke jaisa bhagwan aap ko lambi umar de,1
 meaningless lutyens parties hey bhagwan do these bjp leaders still think nonsense like ht submit has any impa,1
har saal ki tarah is saal bhi bhagwan ki kripa se 231114 ko bhandara ka aayojan ho raha hai ap sab sadar ,1
 maine itna saccha tha ki saare bhagwan mere saath aa gaye truth ke saath bhagwan mujhe tujhe truth send kerne ke liye dete,1
 bhagwan kare mere yaaddash chali jaaye ,1
 waah thank you dost bhagwan aise dost sabko de p,1
 mai bhagwan se winti karta hu ki jampk me bjp 44 hi aaye hame kafi umide hai aape se,1
 bachhe bhagwan ka rup hote hye prove krne k liye hum cnwk bhi dekh sakte hisnt it amazing,1
pather ko itna mt pujo ki wo bhagwan ban jayekisiko pyar itna kro ki wo bewfa ban jaye lt3,1
 behen 200 filter aur effects lagake simplicity at its best caption rakhti ho bhagwan se toh daro,1
bhagwan ke liye please arsenal se mat haarna ,1
 bhagwan apki atma ko shanti de,1
 hey bhagwan ek din meri jaan hi jani hai ,1
 bhagwan aapko sadbuddhi de,1
 patthar me bhagwan dhoondte hainkaise naadan hainsholon me hawa dhoondte hain,1
 aap desh ke mahan sapoot ho bhagwan har desh ko aap jaisa beta de lekin sir dal badluo ka sath na de app request,1
 agr pathar ko bhagwan samjho to patharme b bhagwan mil jatahihausle buland rkhnese insan b khudake dargah pr pahuch jata hi,1
hey bhagwan tune moti ji ke bhakt toe ban diye un bhakton ko thoda dimaag bhi de diya hota,1
 you know mr sahil hum indiawale free me to bhagwan ki hi pooja nhi krte you are working so hard to get,1
 sab ko satmati de bhagwan,1
 o palanharenirgun aur nyaretumare bin hamara kaunon naheehamaree uljhan suljhao bhagwan tumare bin hamara kaunon nahee ,1
ohh god ye dono break ke baad bhi pakane wale hai bhagwan bachaye hum logo ko bb8,1
bhagwan mata pita ko lambi umra denabaki to me duniya jeet lunga,1
 par bhagto ke to modi bhagwan hi han,1
nadan h wo log jo aj k daur m wafa ki ummeed krte h aj k daur m to dua qubool na ho to log bhagwan tk badal dete h,1
low lagale krishna prabhu se mitjayenge saare gham sab ke daata bhagya vidhata bhagwan shri krishna,1
 bhagwan kare sp wale barbaad ho jaye unko paani bhi naseeb na ho,1
 aur bhagwan ka ans thachaat mat chup chap big boss dekhne de,1
 aur unko kahan se kahan ulte sulte aur galat logon ke beech pahuncha dete hain so dont ever trust,1
followers kahan hein itni unlucky hun me ,1
 kahan kainaat aur kahan ye 2 takkey ke chand so called mullah na deen ke na dunya ke,1
aj lag e nahi raha sunday night hy pata nahi kahan hain sab ,1
 oh waowpity you p to hm kahan thay oh haan white coat p yaar 5 sec ka kaam hai coat utaarna p,1
 nice onekahan sey mili yeh pic,1
 apka bachkana tbh hasil krne k leye mjhe kahan moun kala karana parhega ,1
chudail kahan ha tera bh0ot aa gya ,1
 kahan gum hy meri behan koi liftan e nai ,1
axha tu hum kahan pohanchy thy mj ,1
kahan gay sab khel khel k thak gaye ,1
 imran tax chor hajalson aur dharne ka khrcha kahan se ata ha israil seindia sekpk ka pata ha wahan pti main kon kon qatil ha,1
 lolzz ye to bade wla hai argument againstfavour aside ye bc drugs kahan se aayi beech mejn ,1
 lol weather yahan tw garmi rehti hay kahan ka p,1
 u r on twitter d yess wo bi deklein par wo maza kahan,1
 you dont know my condition mai kese aur kahan se aya just coz of match i cant even move aur ,1
 dudh ka dhula koi nahi hoga sab porn dekhte haibut parliament main baithkar dekhne wale morons hote hain,1
 hahaha thanks allot yar filhal tau 999 hen ab subha tk dekhte hen 1 increase hota ya 4 decrease hote lo,1
 sheik sahb bilawal ko dekhte hi ap ki yad a jati ha,1
hum toh fanaah ho gaye uskii ankhein dekh karnaa jane woh aainaa kaise dekhte honge,1
 chalo cid dekhte hain thingsnoonesays p,1
 hehe mai pahle bahut deta tha but ab log tweets dekhte h toh accha ni lagta,1
 aur ye jitne football lovers hain sub motay hain p khaate hain aur tv football dekhte hain khail bhi liya kro weight ku,1
 delhi pe tares me raat ko late kar uper se cross hote plane ko dekhte hue daru pine me jo maza hai wo kahi aur nahi,1
 oh acha dekhte hai na apan ne thodi kuch galat bola ,1
 hahaha aray main waise degrees ki bh baat kr rhi thi p lol mera mtlb log parhai se ziada ye dekhte hain k konse institute se,1
apne haathon se sanwara hai tumhein qudrat nedekh kar dekhte reh jaane ko jee karta hai,1
 hmmmgood night apko bkal dekhte h kya hoga,1
 kuch to baat hogi aap teeno m warna yunhi hum apke fan na hote or na dekhte lov u all,1
 aik tweet krti hun na rt if u wanna marry tuaha sultan dekhte hain ktne rts atay hain thek hai tuaha,1
 i love you dada you are the real heromotivational person tumi poth dekhte jano dada daaadaaaaaa,1
 yaa maine dekhte hi bola ye niti ne good night ke lye post kya tha,1
 haan theek thi annual leaves ghar per movies dekhte guzar rahi hai ,1
sum people are like bubbles dekhte hi phodhne ka mann karta hai ,1
 rofl tu bas dekhte rahega ya kuch bolega usse,1
 tou aap nahi dekhte kia jab koi samne ata he tou ankhe band kar dete ho foran,1
 i m gud gud n fever darshau ki pic dekhte hi chala gya,1
 hahaahahah o ami g kaun yeh hukmran haramkhor,1
 he himself doesnt see it lekin bakwaas nahi karega toh dukaan band ho jayegi kaun ghaas dalega isko,1
 mention notu hv written it sooo beautifully kaun nhi like kregabeautiful,1
 truly deserving waise bhi rajnath goenka ke saamne kaun jeet sakta hai p ,1
 yeah sare news channels pe hoga na everyone will be saying ishfaat kaun hai oska asaal chehra dekhye lol p,1
 isko kaun chodega ,1
 emo kaun nhi hona chahta paro par kya kare hasee control nhi hoti lol,1
 treat do kaun sa bank,1
 kaun gayab ho rha h bc,1
 feeling bad specially fr the tingutards unlogo ka saath kaun dega abhi srkianssalmaniacstogether,1
 hahaha kaun hai ye crush p,1
 bihari desh ka shaan aur sher hai reva kaun hai ka bol rahe i dont know jo bhi ho ka,1
 aise kaun karega apne boobs pe lund ragad raand ,1
 iss muskrahat par kaun mit jaye ,1
 sharam se doob maro tum tou iba main kaun single hota hai,1
sunil pal ratan noora kaam karta hoon khatam poora and navin prabhakar pehchan kaun were good too,1
 seeing fawad khan in this clean shaved look after such a long timebeard mein dekhne ki aadat hogyi thi stiil he looks ,1
 buwahahaha aadat se majboor p,1
ab aadat si ho gayi hai rona bhi nahi aataarsenal,1
jhut bola nahi hai maineapni to bas ye aadat haidosto se khusiya bant leta hu ,1
 haha han na waisy larkiyon ki khas aadat hoti hai batain banany ki p,1
 hahaha apani aadat hai sir ji yeh pvt sales job mein hun na p,1
 talve chatne ki aadat nahi gayi,1
 cigrate pena buri aadat hae d pp,1
 ye ranveer ki aadat hai backchodi karnee ki d,1
 lol maryam nawaz relax tumhe asal mein haraam ka paisa khana ki aadat hogayi haii hope tume hosh aajaye,1
aadat se majbur hun crying like hell just finished yourdreamsareminenow kyun itna rulate ho paaji ,1
 subhan allah what a philosophy magar corruption ki buri aadat kuch karny nahi deti ,1
 rahul ki bina soche bolne ki aadat ne hi congress party ki ye halat kar di,1
 bhai shadi ho jane de fir in sab baatoki aadat pad jayegilol,1
 matlab aahista aahista chuttey gi yeh aadat,1
bewaqufon ko bewaqoof banane ki aadat hoti hai bewaqoof ,1
 haha khair ho gai apni aadat thori badli ja sakti p,1
 kesa laga khi wapas aakar p garmi tw nhi lg rhi d,1
 nahi bhai ko to ye bhi nahi maloom hoga ki usake kaun se poorwaj ne lalach main aakar islam kabool kiya,1
 8 ghante ki class se wapas aakar aisa karne me jo maza aata tha wo feeling bayan nahi kar sakta ji,1
 kaika nasha job kiya mene aaj fir aakar sogai 7 baje uuthikal fir job ,1
 chaina ke bhakave me aakar aap apni taqat ko or desh ki janta ko bevkuf bana rahe ho ,1
woh kon hai jo aakar khwabon pe chaa gaya hai ,1
hahahahhahahahahaabjp nae aakar kya kiawohi raste pae chal padimodi sarkaar ,1
 koi bataye ke jaaye kahan hum saare raaste unpar aakar hi ab khatam hote hai ,1
 ek kam barunbabu ne bada accha kiya hai humari zindagi mey aakar hum hamesha jawan hi rahe,1
 no1 noutanki h ye but bahut funny b h hunger strike pe nahi h ye iski chahat h ki koi female ise aakar manaye but aisa nai hoga,1
 lol hume nai malum wo aakar chale bhi gaye,1
 modiji janhit ke liye paise lutate hai per aapka kyaaap toh garibon ke bich aakar garibon ke hi paise lutate rahe,1
 my friend was cleaning her fish tank all the fishes were in amug ek bandi aakar puchti hai ye dinbhar issi me rehti hai p,1
 kuch youngster job chorke iske bahkaveme aakar ghumte they aajbhi jobless hai,1
 mai dubai mai hu yahan aakar or preshan ho geya hu peeche merit biwi bacho ki mushkil hai bhot,1
 rat ko mere sapno me aanatu khuda h bs fir aakar na janai love you pitajii miss you pitaji,1
 bhai celeb koi bhi aakar andat lelo bol kar chala jata hai ,1
ji ko jaana h jaao dm mai aakar ye naa batao ki unfollow u bsdk sale ,1
 ab chahe jo bhi ho ye tsunami nahi rukega tabdeeli aakar rahegi insha allah ptijeddahjunoon,1
 mehrbaani nahi tumhara pyaar manga hai tumhein manzoor hai tabhi tuh yaaar manga hai ,1
khon se likhte likhte tumhara naam achanakdil ne dam tor diya jab tujhe bewafa likhanew best poetryfollow sirfnjanisend to 9900,1
 kya dekh k dil roya tumhara khoof k ansu mera naam peshoo,1
 acha bus theek hai but tumhara previous comment null n void ho gya,1
 tumhara naam kisi ajnabi ki juban par tha baat zara si thi par chubi bahut lt3 ,1
 uski bur tight he tumhara lund se sahi me bari ho sakti he,1
 muje bhi use tumhara bara lund se chod te hue dekhna he,1
 yeah we were thinking the same thinh tumhara poora faisalabad udhar hi ha p,1
 shukria to mujhe tumhara krna chaahiye sukanya ki tumhari jaisi achhi shayeri krne wali devi sitara meri dost bni hai ,1
had kr di hmne yaad krne ki mgr bhul jane ka tumhara hunar bhi laajawab hai ,1
 arey bas babaaaj k din b thanksye to tumhara haq hai hahahatum bahut sweet hoye vm tum,1
pakistani bachay be like yar wo mujhe chor kchali gae mai us se bohot pyar karta tha kab se relation tha tumharakid kal raat se ,1
 i love you too mary aur ye lo tumhara wedding gift httpstcoay47fdeclx jo ye villian nhi dek,1
 ashatum to bhut sayani kudi ho mjhe to sirf aur sirf tumhara num chiye ,1
 babloo tumhara dharna slow hae kia ik,1
 karty hain apna dil apni jaan apni mohabbat tere naammeri zindagi ki wasiyyat py ab haqq hai tumhara,1
kabhi ye bhi keh do k mere binadhoore hotumhara kya bigerta haizrra sa jhoot kehne main hamiiya,1
 din guzara tha bari mushkil se,1
 itna pyaar kisi pe pehli baar aaya hai,1
mohabbat barsa de na tu saawan aaya hai tere air mere milne ka mausam aaya haixx arijitsingh ,1
 mohabbbat barsa dena tu winter aaya xd,1
yoon hi mausam ki ada dekh kar yaad aaya kis qadar jald badal jaate hain insaan jaanaan faraz,1
 wewantharshikaback ashoka se yaad aaya san sanana san ja ja re ja re jare pawan jah kar joothe maaro ktc ko,1
aaj ke screening mai bada maza aaya howdy gooooners xdmufc,1
itna pyaar kisi pe pehli baar aaya hai,1
 sharam tum ko pher bhi nahi aaya gi,1
 are haan yar fir mujhe bhi dhyan aaya ki ya to sala purana issue hai par fir socha chalne do ,1
 akely reh k ghar main hee marr jayein khabees class get together pe kiun nhi aaya ,1
 haha mere pass b nhi last time tjhse hi bat hoi thi aur ab online aaya hn,1
 familyantakshri annukapoor nauknkishala seenfilm sharnshtv lene nhi aaya hu mai plz,1
 aapne muje block kyu kiya maine aapse kuch galat bola kya aapka behave kuch samaj nahi aaya muje,1
 hahaha isko bura sapna aaya hoga koii ,1
 behaal se upar bhi kabhi aaya kare not too bad for me,1
 nhe me to jus abhi aaya hon online ,1
 jo dec se pahle aaya na us ki gand mai laal mirchi wala danda daal diya jayega sun lo sub,1
 bada mazza aaya itna hrd wrk k baad v nigs in bttm 2 wohoo hw mch fun if c gets eliminated tmrw n u r der to pick hr ,1
aaj phir raat dhal rahi hai intezar karty karty kisi apne ko aaj phir hamara khayal na aaya,1
 nhi abhi aaya tha cnwk dekhne hahahaha ,1
 aaya re aaya re toofan,1
 aaj bahot dinon baad maza aaya ,1
 bewafaun ka zikar thaa raat bhar saremehfiljhuk gaya mera sarr jab tumhaara naam aaya,1
 agar pata naa ho to beech mein mat aaya kar im talking in sarcasm,1
rofl thats it goin to bed wa big grin saw my fav spoof song yeh kaisa aaya zamana mahmood spoofin the kappors classic d,1
nishi k bday aaya ,1
 hahahaha subhangi beta pandit hi pasand aaya ,1
aisa hai leader hamaranawaz shareef to khabi akbharjahan l frount page pe bhi nahi aaya ,1
 mujhe heart attack aaya hai going to hospitalkal milta hugnkeep tweeting waiting for baby trailer,1
tofani barish me admi pizza hut pe pizzalene aayawaiter ap married ho admi allah k bndy khud soch aisay ,1
 lol yaad aaya p sorry sorry kal pakka xd,1
 acha mujy bra ghusa aaya tha tumari offline tweet dekh k ,1
 modi aaya modi chaya friends people now recognize your mammoth task you have done in the past 5 months jampk modified,1
gaana bahut pasand aaya waiting for babytrailer,1
 mufti gadhay kuttey shaheed ,1
 bhai aap kion khujli wale kuttey imran khan ke sath bait gaya walid sahab tu ro ro imran ro keh rahein hon gay,1
 wash your mouth with dettol amp come sala bjp ka kuttey ke bachapatshala jaosanskrit pado aur baap ka bichi chuso sala,1
 k kutteykk kuttey kamineyohkk o harami kuttey kaminey,1
 bhai ye kuttey nahin suar he,1
 sir k sth aj sindh mei woh hui hei jo punjab ki kisi masjid mei kuttey k sth hoti hei ,1
 imran khan k programme mei tu kuttey wale hogaye tumhare lekin bak bak ab b band nahe hy,1
jalsa khatam hotay he sare kuttey tv per ajate hain bhonkne,1
dekh pagli wajah puche gi to umar nikal jaye gi bola na tu achi lgti he mtlb achi lgti he,1
 ahaan plets see kab mujhay sir asad umar se milna naseeb ho ,1
 kya logic hai abhi sojao wese bhi youre ill oh i mean half sick p,1
socha tha parh likh k pilot banu ga charas ka sutta kya lgaya khud jahaz bangya feeling fantastic,1
haha kya samjhun p ,1
 hahahaha aram aram se acha lagta hai kal ko koi celebrity follow kar le india ka kya pata d,1
 lol kya idea diya hai yar wesy v ajkal zda pokct money ni milti p,1
 toh karte toh hai par har chiz wapas supernatural par hi chali jati hai hum kya karien p,1
 abhi tak gussa ho kya tum donon mujhse unblock kardo main ne kya kya hai batao toh sahi ,1
 offffyeh kya keh dia ali bhaiapki to khair nhi,1
historyjb bhi kisi musalman ne haq ki awaz uthai to apne hi musalman uske khilaf hogyekya gaddari humare khoon mei likhi gai he,1
 insta pe follow kyun nahi kya abhi tak ,1
 doormat randi u ko chudne nai aya toh kya huwa mai ho chal maal kitne ka hai bol be,1
 1000000 salute to whoever started this trenddoose fan base waalo ye dekh k kya haal ho raha hogahahasrkianssalmaniacst,1
according to my mom the fact that i returned home after 230 am on saturday means im back to normal again kya zamana aa gaya hai d,1
 lots of luv wo bhi entire year kya karre bohat sara pyar hai g k paas khatam hi nahi hota,1
 httpstcolvnqopwq6a kya bolti hai kuchh aisa he dhamaal macha hoga na dj night tajmumbai mein e,1
 khushboo hawaaon main kaise bharekaliyaan hai sharmaati haaye kya kare,1
ahmad kya mujjse kpi narazgi hai ya mujje se koi ghalti hui hai toh sorryyyyy ,1
 arey wah kya baat hai apki congratsssssss,1
 jealous hahahahahahahahan bas yehi kar sakte ho mujhe ratta nai lagana doctor banna hai,1
oh shiti think us ne mujhe block kardiya hai ,1
 bhool to tm khud gaye ho or keh mujhe rahay thay p fine arts parh rai hun,1
 haha apka name dekh k mujhe be khushi hoye p,1
 meri mom kehti h dil ki baate dil tak pahunch hi jaati h mujhe laga chitthi bhi pahunch jaayegi srkians,1
aj apne 125 fans ko fvrt diya or mujhe nhi feeling sad ,1
 mujhe baat kar liya karo ,1
 lol tareef thy yr tum na bss shak he krti raha kro mujhe pe p,1
 mujhe kisi se luv nhi hota but tmhre lyea afsoos howa bichare maile ashiqo ko tum hi mili,1
mujhe maaf karna o ,1
 han han mujhe to pata hai sahi wali busy rehti ho bat hi nahi hoti tmsy sadlife,1
 coffee eeeh nae mujhe bilkul achi nae lagti bad aftertastetemp nae hai sirf cheenkein aur ab flu shuru,1
 nahi woh toh mujhe maja aata hai sabko tweet kar deta hoon fir reply nahi deta lol,1
 mujhe b is ny 4 bar heart attack diya hai d,1
 yaar mujhe yeh padsnd agayi hai buhoot mujhse baat bhi nhi ker rahi,1
 tmlogo ko kch kaam nhi h p mujhe toh vo snap dekh ke hansi aa rahi h p,1
 mujhe abhi bhi yakeen nah heo raha yeh kamini kuch bhi likh deti hai attention seeker hai bb8,1
 apko kun laging mujhe poetry nahi aa saktimujhe sach bht shoq hay ,1
 interestedim a fan theres a lot of songs but all time favorite is ae dil mujhe bata degeetadutt ,1
 p yaar tu mere followers dekhna latest 4 ko pta ni in logo ne mujhe kyu follow kiya hai,1
 bhai mujhe baat krni ni aati hai p,1
 hahaha aesi hindi me lessons lene padenge mujhe p,1
 maloom hai bht hain but mujhe koi tameez ki chaye joo meri amma ko pasand ajaye ,1
 areey woh kuch bhi bakwas likhti hai jab tak evict nah hogi mujhe belive bah hogi gober kamini hai,1
 bhai enjoy kese karte hain uske liye bhi to kuch na kuch hona chahiye na mujhe to wo bi ni pata,1
 aur aaj sadiyon baad woh din jiska mujhe intezaar tha besabri se intezaar tha woh aagaya gym mai aagayi ,1
 mujhe to neend hi nhi aati raat ko hmmmm,1
 mujhe mere baap ki kasam hai agar mujhe pata ho30th nov ko mujhe goli maar di jaigi mai phir bhi yahan aonga http,1
 hahahaha abay yaar had ha or aisi baatein kar rahe mujhe laga koi uncle ho tauba ha,1
 ahmed shahzad ne bhi mujhe reply nhe kiyak ahmed k ,1
 kisi ko neend aae na ae dar ko aaj sukoon ki neend aani hai barcelona jo jeet gai hai ,1
 aaj sabhi srkians weekendkavaarwithsalman khulle aam dekhengechupke chupke nahi ok p srkianssalmaniacstogether,1
yar aaj tou parha hi nahi ab shuru karna parhe ga,1
 famous to pehle se he bht thy aapaaj or ho gaye p,1
 u sound like amma d aaj weekend hay waisay sou jaongi after half n hour,1
sakun ki need ayegi aaj jeet ka maza he aur hai ggmu,1
 kash ki aaj m apke sath hoti but me itni lucky ni hu miss u so much,1
kisi ko neend aae na ae dar ko aaj sukoon ki neend aani hai barcelona jo jeet gai hai ,1
aaj biggboss8 me salman ne khud bolkar confirm bhi kar diya srkianssalmaniacstogether,1
 we do we do but dekha tune aaj kya kar gaye messi if only i could kiss his feet today,1
 kab kiya tune aaj pahli baar kar raha,1
 mum letsfootball aaj to definitely jeetege,1
 mum letsfootball faaad dooo aaj,1
 aaj to legend suna ja raha he,1
 haha lol d lgta hay mein aaj kisi shahzadian ka heart fail kra k chhorron gi p lol,1
meri ek new gf bni aaj,1
 goodnight with sm more es chand hoon main aapk paas lekin meri khud ki neend toh aaj gayi ,1
 pta ni aaj mobile kesay bach gya dil tor diya,1
 aaj maine sab ko phir se sunaya bahot maar padi d,1
 dont knw y aaj kyun itana yaad aa rahe ho n i cant stop myself frm makng dis taarey httpt,1
 aap ny tl py topic dekha aaj kia chal raha d,1
 hahahahahah piers k ghar walo ki kher nahi aaj ,1
 khairaat bhi aaj kal khairaat me nahi milti uske badle bhi log dua ki umeed rakhte hain ,1
 plz chand aap apna khayal rakhiye baby n so jayiye meri neend toh poori tarah gul hai aaj ,1
 tay phir ki hoya d asal din tou aaj hay trend krny ka d tou mein tou aaj he karun gi d,1
im still tryna figure out what sonali was wearin woh bhi aise jagah mein bb8,1
 sonali applied for a bus pass from upens house to gautams houseana jana badh jayega na abek jagah tikegi kaha madam,1
 fatima khan ki jagah naak waali khaan naam rakh lo na ,1
 ja rakha hu idhar bhi taste to har jagah same hi rehta hai bas logon ke khane ka tarika alag hota hai har jagah ,1
 love u papa jiitna love u jitni jagah main aapka noor samya hai,1
 plz chand dnt say again k u are alone coz har ek pal har jagah hoon main aapke saath aapke paas ,1
 ohh sorry har jagah happy birthday karan patel likh rahi thito galti se ho gaya ,1
 dushmani or pyar soch k nahi hotiso u r dushman now soch to aap low jis jagah poz mar k khade ho p,1
 bc kitni jagah yehi post copy paste ki hui dikhegi ab aur,1
happy birthday karan patel 40 degree temp h aur mujhe challis jagah se paseena aa raha h aur tumhe weather ki padi hai,1
 hahahaha tum toh har jagah se phanse hue ho p,1
haaan mazza ayega waise mei apni jagah se bor ho chuka hu ,1
 ha tu bhi aa ja achi jagah hai ,1
 madharchoooooood sale kejriwall jisdin samne aaya na mere sale ko aisi jagah pr aisa dard dunga ki kursi dekhkar hi bhagega ,1
 lo ab nautanki chaluaisa lag rha h aankho se anso ki jagah paraathe k saath wali hari chutney nikal rahi h ,1
 kaisa he be chutiyeharr jagah ghusne ma he tereko khaya naaa sona se gaalihahahahaabha,1
parade bhi german sena kare bharatiya sena ki jagah to 4 chand lag jayenge hitler to aap maante hi hain kisi ko germindia,1
 chhodo yar dono fan bases mei aise gadhe hai will ignore such people aur nafrat ke liye jagah nahi hai ,1
mere maheboob kya tumhe hai kabarhar jagah tumko dhundti hai nazardekh ke tumko jita marta huhar ghadi tumko yaad krta hu,1
deewana aashqon ki akhri jagah pagal khana to hoti h4rm66 goli wala baba,1
 see my love for afridi har jagah wohi nazar aata hai,1
 gaaliyan to khani padegi kyonki k anusar rday pe indian sena ki jagah german parade kare to issue nahi hona chaiye,1
my srkian sister followed salmankhan now psab jagah pyar he 5millionshanatics,1
ek ladki thi deewani si she ended up in mental hospital phar jagah pyar mohobbat ka masla nahi hota be practical p,1
 wewantharshikaback hosh na khabar hai yeh harshika ka asar hai zaya ko dekh ke baad dilbar dilbar dilbar,1
 hmm maybe im favouring imran cuz kam ki sad ending ke baad i wanted him to have a happy ending in a show p p,1
pasha ka hath uthni kay baad bacha nashai hogaya irejectpti,1
rawalpindi daish ka wajood arab mumalik main hai pakistan main nahi pti 30 november kay baad muzakrat ki maiz par aaye chaudhary nisar,1
 thori baqwas k baad,1
 nae phadday k baad baat hi nh karti,1
tmhare baad guzre ge bhala kaise hmare dinnovemeber se bachy ge toh december maar dalega,1
 hahahaha koi baat nai hota hai hota hai haarne k baad mein apse yehi expect kar sakta hu d,1
 wow raat ko net bht mast chalta hai ab raat ko 1 bje ke baad hi aaungi ol bhooto ki tarah,1
i feel like a fever is coming amp my body aches baad,1
meri pechan pakistanpakistan pakistanpak fouj zinda baad,1
 dekh bhai mujhe ye dosti bohot pasand hai tujhe nai hai mat kar comment pass mat kar kuch accha ho rha ,1
 shadi se pehle you complete meshadi ke baad let me complete first,1
 i have no idea ye din gande hai ,1
 job bro engg k baad lyf sucks buddydnt go fr jobaur padho ,1
 ik k baad dosra dukh nikal leta ha ,1
 hahah soch lo baad mein pachtaogay,1
 id love to do that so baad,1
tujhy hi dho0ndti then bustere baad to mar gai aankhain,1
na baad ka dekhengena pehle ka sochengebas ek ek din jiyengeaur kya pata aise hi saari zindagi kat jayegihappyending sweetshortmovie,1
he still baee it just i feel like we on baad terms ,1
 haha yeah and i was like ok he dint abuse me d and baad mein pyar se tweeted i blocked you now carry on lol,1
 haaan souti rahi mein haha mood ko kia hua,1
 lgta hy us din kuch chupany wala tha jo chupa dia hua hy ab p hmmmmmmmmmmm,1
 hai zindagi to hai khuda ki khuda se hi khuda k liye zindagi walo ko ye ilm tab hua jab zindagi unki so gayii de,1
 shabash bhtt achii bachii hein apye qmobile b apka hua,1
 loved singing this one kyun hua khafa a beautiful melody composed by arjuna harjai httpstcolrgj2slpyi http,1
 tera deedar hua pehla sa pyar huapehli hi baar hua iss dil kogud ni8 magician ,1
 tunne kandhe pe sir chukaya mehrbaan hua,1
 ohhh sahii ab meri itni umer ni ke school jao uni sey nikala hua va hun,1
meherbaan hua huaaa rab meherbaan hua rab,1
 i think app makah se pak ho kar a rahin hain acha hua app ne bedroom politics chorde heh,1
 ye log khusi se khala re ha ye hakumat ki trhaa ni ha k awam k lota hua mal khaye,1
ye a b c kia scene lagya hua ha,1
 is doran koi naya project to door kisi mohallr galli nukar pe b koi kam ni hua janab sargodha shameonpmln 22,1
 waise pura pakistan daikha hua hy ,1
urdta hua taara hoonooncha sa ik nara hoongujranwalastandswithik internationalprideik ,1
 2 days holiday for mullayums birthday sickuliars silent manhoos paida hua toh 2 din barbaad ,1
allah ka dia hua sab kch he nus aik awwww karne wali chahiye parsalan,1
 merabaan hua hua mehrabaan huamehrabaan hua rab vrimar iv itne khushi th,1
u got awsome name aapke naam ka id ka mean ab maloom huaapke tweets justifies ur name ,1
 okay thanks acha hua apne batadiyawarna hame pata hi nahi chalta ,1
 okay thanks acha hua apna batadiya ,1
 hahaha aisay hee hota hai p chalo atleast mera attitude wala ghalat impression khatam to hua p,1
 hahaha gaana hai p toh kind of shair he hua p,1
 amazingly mere sath be aisa he hua hai ess sal shaid asli dost ki pechan hou gai hai,1
 sale harami kaha ki ghatiya link deya hai pata nhi 2 3 browser install ho gae lkn song nhi hua download,1
aray twitter band nhe hua social pckage abhe nhe chal ra hai ,1
 wewantharshikaback in a few days colors will sing to me jo bheji thi baddua trps per assar hua ,1
 hahahahhachapraasi apni duty nibha raha haytaanga party mein kab sawaar huapta he ni chaladp ,1
 hahahaha jee p kia hua avi ko,1
aankh uthi muhabbat ne angrai li dil ka sauda hua chandni raat mein,1
kitabezindgi ka aik or baab khatm hua shabab khatm hua azab khatm hua ,1
 ha toh kya hua phir se dekh liya humnethanx ,1
 iska dil tuta hua hain arpita ki saadi ho gai babwa lol ha ha ha ha ha ha,1
 are to kya hua thanks for sharing v hv skipped but u again brought back it in front of our eyes ,1
 bachu koi spam hua na toh pta chale ga ,1
 hehe waise ye aaj kyu start hua outrage news to bahut purani hai,1
 football sab ekk ball ke peeche bhag rahe hain garibon ka khel bhenchoo kya interesting hai stupid game,1
 katrina ka pachtava hota hoga galti kiya usne abhi usko babaji ka thullu milegasrkianssalmaniacstogether,1
 ha ha ha slapped by obama epic fir obama ko guldasta bhi milega ,1
 ff gt ghar baithey fastest cars dekhney ka moqa mil jayegafollow kar lo aisa moqa bar bar nahi m,1
rozana kalma parhne se eman taza rehta helailahailallahmuhammadurrasulallahjis ko bhi snd kroge wo lazmi parhega or sawab milega,1
 canal dwara kam se rojgaar b milega or sath hi bhavisya me kisano k liy pani,1
 mere life main maile mere maa ko nahi dekha hai pls uncle aap mujhe just aashirwad kahinge toh mujhe sansar ke khusi milega,1
 nahi todirect mention milega to reply karu nanotifications bahut hi jyada hai,1
 sid ki shaadi ho jayegi or tujhe baba ji ka thullu milega,1
bhai isl khel le aa ke goals marne milega yaha,1
 haters go to hell,1
 raat abhi jawan hai mere dost milega town town bolke khud bandra mein chala gaya ,1
 zaroor milega after nazeem khan aap hi honge jo salmaniacs ka jalwa dikhane wale bwood me,1
 sir aapka aashirwad chahiye tki m apne hr km aasani s kr sku aapka aashirwad milega to acha lagega,1
 aaj reply nhin milega,1
 nahi milega mujh jaisa tujhe chahne waala jaa tujhe ijaazat hai saari duniya aazma le ,1
 ek bhi problem nahi milega wewantharshikaback ,1
thenga milega hum sabko wewantharshikaback,1
 ebola ka ilaj to ho hi jayega is jhuthhbola ka ilaj to nahin milega,1
 sik ka bhi faayda milega is movie ko amp if music strikes then movie will roar at bo waiting for baby trailer,1
sujawalpsf zilly sadar rabdino jat jesa sacha woker leader dost ppp ko nae milegarabdino jat party ka sarmaya haiamarjumani,1
 sir ji kamal ho gaya hot news ham kisi se kam nahi ache din aa chuke hai ab bahut kuch acha dekhne ko milega jai hind,1
 kab tak ladogeaur ladke kya milega,1
pune rickshaw walas are better than mumbai walas they never say noask bhayia mg road chaloge answer milega swargate jana hai ,1
 bwahahahamilega milega kisi aamir fan ko dhoondo,1
 pta ni ladai karke kya milega yaarjab ak sallu dost hai toh hum kyu lade,1
 hum beg karte rahenge par milega baba ji ka thullu ,1
 namaste sir bengali film piku me apko dekhne milegaham bohut khus hu ,1
 mohabbat kee raah par hamesha dard milega,1
 roz roz modi gungaan din bhar news me chalta haimodi america se kya laya kisi ne puchapak ko kab sabak milega,1
 tulsi aur adrakh ka soup pijie aaram milega ,1
aashiqui se milega aae zaahidbandagi se khuda nahi miltafollow ownrzoyakhan,1
qismat pehle hi likhi ja chukki hy to dua karne se kya milegabest anskiya pata qismat mai likha ho k jo milega dua se hi milegaali,1
 manusmriti ko vastav me samajhne k liye main kisi dalit writer k version ko padhunga to kewal buraiyaan negatives hi milega,1
 finland gaya hai toh nokia ke factory outlet se phone khareed discount milega p,1
 hahaha is baat ka kiya matlab ,1
sirf sunday ko off hota ha collegematlab k bhae zulam ki aik inteha hoti ha ,1
 hmm dil mei mail hai iska matlab ,1
 matlab mei apko kaise join krou means how will i help u ,1
tl ne paro bana diya matlab ,1
main naraaz hota hon lekin is ka matlab yeh nahi k tum ko chor diya aur tum aazaad ho aisa nahi hai waqti sub husband aur wife lartay ha ,1
 matlab kuch ho nahi raha yehi masla hai,1
 yaar aap bohat he confident hain p matlab okjbtw shughal dont get annoyed wese ho bhi jayen to sabu ki xd,1
 kia matlab maaf krdo o me ne kuch nahii kiaa dunia walooye ilzam hai muj pe judge saheb,1
teachertumhare abbu kia kam krte hen bachaups company k malik henteachr niceacha ye ups ka kia matlab hebachausman pakora shop,1
 thanks bae p mera matlab bhai d,1
 kia matlab hai apka ap se koi zabardasti thori keh rha hai live ur own life ,1
 darling aise doston ko pehli fursat mein laat maro dost woh jo bina matlab apko sikhaye aur masti mein gd bhi mare,1
 matlab phir main bhoka mr jaon tum yh chahty ho ,1
 waisii hi kuch hai ye matlab ki dosti,1
first away win at emirates bc matlab end hi hou gaya ,1
 haha kia matlab btw ye to kal hi aya hai abhi,1
 fuck matlab,1
 jo dosti matlab ki hai woh dosti kahan hui chittey ,1
 matlab nahi bholay dhaan haan yahi kahogy ab tou masoom banjaao,1
 matlab phir main inkaar he samjhon ,1
ye mufc ka matlab mother fucker hai kya p footballignorant afcvmufc,1
ye kon ae bhaiisay le jao yahan se alien aeisay matlab kew nahi pta hotay ,1
 jeetne se matlab hai ya on target shot se,1
 inni achchhi angrejji mein likha hai jaroor koi gehra matlab hoga ,1
 dekho tou kitne zayada hain xp nai dekha kal se behtar hai waise,1
 manal se pocho wohi zayada khoobsurat hai p,1
 jamaati cobra se zayada zehreela janwar hai shameonji banji hangthem,1
 hahahahahahaha tmharey liye hamesha busy rehna hai or zayada mat choro ,1
 keya khobsorat banda hain 50age k uper b aaj k jawano se zayada handsam mashaallah allah lambi aur achi zindage dy,1
i want to say something serious behenchod goa ki fanny ek peg se zayada na peena varna 3 din takk smell nahi jayegi ,1
 ye log wazarat bachany keley kuch zayada he bol jata hain ab insan k rago main khon janwar isley to ganja wehshi janwar bangaya,1
lagta hai sofia wala tweet zayada hi pasand aa gaya logon ko xp,1
 yaar diya aur baati me ye teeno criminal kam aur joker zayada lagti hai thoda to standard rakho yaar ,1
 aap ki zayada bisti nahi karain gy tweet karain msg na karain ta kay awam ko bi pata chaley aao maydan ich cha cha ji,1
 apny naam subtweets dekh k dil tot jata hai itny zayada ali k naam sy subtweets but sab koi aur ali hoty ,1
 hahahahahah kuch zayada hi tez hai ,1
 punjabi waheyat nai karakht zuban hya dunya main sb say zayada bolny waly language main 8th number pr h,1
 hahapossible usko bht zayada pasand ain houn,1
 mashallah kuch zayada der nhi hei hii keep take ur time ,1
 unfollow me if you are still defending her dimag nai lagana mujhe zayada aab aur gyaan pelne mat aana samjha deta,1
 to acha hi gaimazdoor ki ujrat zayada honi chaiy ye stupid question hai apka,1
sharjeel memon ne kaha hai larkana me corner meeting thee per loug yo karachi zardari ke jalsa se bhi zayada thy phir wo kon c meeting thee,1
dear mom apni bahoo select kartay waqt unko bta daina se zayada kisi se payar nai iskogujranwalastandswithik,1
 absar alam jesa 2 taka k log imran ko challange kerta hain tumhari okat aik gutter k worm sa zayada nhi hai gujranwalastan,1
 nawaz family is se kahi zayada paki awam ka pese urati hai he dont even hav guts to show his assets,1
 ye ab zayada hu gaye d,1
 i thought you were kuch zayada wala angrybut i dont mindcuz tujhse angry no way,1
 zayada khush mat ho mazakh tha ,1
menay tumhai dekhaatum pehlay say zayada payari ho gae o lt3,1
 lmao ye zayada ho gaya even may srkians wont tweets ego srkianssalmaniacstogether,1
 virgo se zayada he pvirgo selfish h0tay hain p ,1
 ahmad kya aap bhi excited ho apni bday k liye hum shahzadians tu bht zayada exited hain ,1
 hello krurika tu kuch zayada nai karrahi hai muje kisi ko certificate nai deyna,1
 aur aap ki besharami ki b koi hud nahi 100 din say zayada pti aur ik ko support kar rahay ho mulak dushmani ki inteha kardi,1
 bijli ka bill zayada ae tu dukh hota hai lekin neighbors ka bill apny sy zayada ae tu sun kr skoon milta hai ,1
good morning mere shero how is everybody its been long since i said hello sab ko bahut zayada pyar have a super day khush raho,1
 k baad hi ik nay react kiya tha agar yad ho tu iss op ka dukh sabsay zayada ik ko tha,1
 young death always hard to digestwo b iss trh ki jis main laparwahi ka dakhal zayada ho,1
 bageerah se zayada hairaan or pereshan insaan aj tuk maine nahi daikha,1
 mujhy ya bataoo yaha sub ya qus subsay zayada q kartay hy k kse hoo subhaa say jawab day kar tang agee hoo,1
ek pakora kiya zayada kha lo pait pregnant aurat jesa ho jata haikya bakwas hai,1
toot jayengay agar rishtay koi bat nahinasha doulat mey zayada hai mohhaabbat se kahi,1
 o esa kya wese zayada door nhi ap miss hina bole to apoun bhai log ki nagrii mein hi dubai ,1
 lambay qad wali larki zayada sex nahe kr skti jtna chotay qad wali larki sex krti hai dr veena malik ky free totkay,1
talash usko mat kro jo duniya mein sb se zayada khobsurat hoblke talash usko kro jo apki duniya khobsurat bna dy ,1
 jab se bacha tha larkana m hoa aik jalsa miss nahi kia itne zayada log nahi dekhe,1
 bageerah se zayada hairaan or pereshan insaan aj tuk maine nahi daikha d,1
 shehbazsharif ne rs120k fee zayada kr k rs40k ka laptop de diyaaur pmln chutiye aisi khush ho rhe ha jaise ss ne infinity,1
 dekho gauhar bb7 ki winner rocking ko shocking kar dala haha kisne kaha itna attitude dikhao,1
 nhi yr ajkal itna mja nhi aa rha bb dekhne ka,1
 ly bhai tu karachi ka ho kar itna dukhi ho raha tha new user hy shyed isi liay ,1
 hahhaha nahi p meray pass itna time nahi ke tmhari bisti krn p achasorry p,1
bas aj k liay itna kafi hqi ,1
 banda farigh ho per itna na ho ,1
 pita ji aap hamari itni care karte ho itni care karte hoitna care to koi maa apne bache ka bhi nahi karti pita ji thanks,1
 bhai khud ko itna negative mat lo p ,1
 mujhy aj tak smjh nhi aya sb mujh itna kaise jantay hain p,1
 hahahaha calm down calm down koi baat nai chalta hai itna dil pr kio le rahay hain p chill krain,1
lagta mujh ko sab sahiitna tou hai khud pe yaqeengujranwalastandswithik internationalprideik larkanaforpti ,1
 oh bhains itna tight match hard luck kal kay liye best of luck,1
itna gurur na kar aye bewafa apni jeet parteri jeet se jayda charche to meri haar ke hain,1
 wa wa wa to is mn itna sochny ki kia baat hai p,1
itna maza kyun aarha hai tu ne hawa mein bhang milaya,1
 itna confusing tweet duvidha mein daal dia ki cid se pradyuman bhi ake yeh solve nahi kar payega ,1
 hahahahaha ye bhi sahi hai bt itna time to hota hee hai yaar p,1
dard ita tha zdag me dharka sath dee se ghara gayad th akhe ks k yaad memout aa r dhoka kha gay,1
 wewantharshikaback to ktd mere baare mein itna math soch na dil mein aathi hoon varna laath maarthi hoon ,1
 itna serious mazaq bhi theek nahi na hahaha ,1
phr rat ho rhi hai phr yad arhy ho hoi kya khata jo itna sta rhe holagai hai ye q judai ki aag tmnykhud b jal rhe homuje b jala rhe ho,1
har dinhar raat tanhai m guzar jaty he gham ki chadar orh karskia humara gunah itna ara he k koi hamain yaad tak nahi karta,1
 tau aastaghfirullah itna jhoot,1
 phir shuru ho gaya bey tum there are two questionsaitna samay kaha se laatey hobitne paise kaha se laate ho,1
 main tax number tuje q du who r u tera leader itna imandaar hota to aaj log u thar main na marte koi help ki hoti unki,1
 hahaha wahi tu khair ha yaar itna down feel na karo life enjoy karo aisay depressing tweets karogay tu acha feel kaisay hoga,1
 khuwari itna asaan eh mene gcse k exams 1 month me prep kr k dye aur as n bs aye ayn mere,1
 cool yar phr itna parh likh kr tooter salabrety banny ka khayal kaisy aya apko xd,1
 dil aakhir itna rota hai kyon ki tu daaru piye bina hi sota hai,1
koi itna amir nahi hota ki wo apna past kharid sakeaurkoi itna garib nhi hota ki wo apna future na badal sake ,1
 us ne pucha itna pyar q krte ho mujh se meny kaha kabi kisi ne apni zindagi se b nafrat ki hai kia,1
itna chutiyapa kaha se lete ho ,1
 satta main aane k liye itna nahi girna chahiye sir jee,1
 keya majority beh gandu feku ko itna adds karne ke bawajud 69 vtrs ne reject kiya i mean thenga diya,1
 itna kamzor hua teri judai seitna kamzor hua teri judai seke ab to machar bhi khich le jate hai charpai ,1
 hey lets share this to all akkians haterjal toh rahe hai itna trend dekh ke aur jalao inko waiting for baby trailer http,1
 itna sb ho rha he srkar kyo aankh kan band kiye he pta nhi,1
 vasundhra ji supream court to dega fair judgement itna to trst h hme pr apne or apki hindu wadi bjp ne ,1
 chalo itna insist kar rahe ho to maan leta hu ,1
 ahaha burhan itna bura bhi nahi hai see the name says all naam hi kafi hy p,1
aagaya owaisi ka pilladishwasher rt tu bada bhouk raha hai award tou tuje dena chahiye p,1
 its already bada shanu p maula salamat rakhen mashallah,1
bijli ke dam kar diye kumyeh hain ak inmein hai bada dumab bjp ke dil mein hai gumdengein 5 sal kejriwal is baar hum mufflerman,1
 bada tough competition haijo jita wo sabse bada wala,1
 wah ab samaj aa raha hai last year to bada unfair unfair kar rhi thi,1
 tee this 1 rofljhingalala ye toh bada toing haiiii,1
zindagi udashone ka naam nahidost sirf paas hone ka naam nahiagar tum dur rehkar bhi hamein yad karois se bada hamare liye koi inaam nahi,1
 chalu nahi hai bhalayi ki supply lagta hai,1
 pakistani dunya ki azeem tareen bahadur qaum hai qaum ne deshat gardi ki laanat ka bahaduri se muqabla kia coas rah,1
muhabbat barsa dey na tu sawan aya hai,1
 am more then u but neend to neend hai apne time pe he ayegi u can sleep ,1
 yeh tu marny marny ki baat hai,1
 tumsayachakaunhai3main aur usko bhul jaun kaisi baatekarte hosurat to phir surat hai wah naam bhi pyara lagta he http,1
 nai bhaimera yaha koi dost nahi hai ,1
allah zaror ik sb victory diyega q sach always jeet malti hai mere yaqeen hai,1
 theek hai maaf kia dnt repeat sane mistake ok ,1
 achi bhi hai,1
best neend car mein aati hai,1
lrkyon se zyada garm silencer hota hai gari ka,1
 hainaa gauahar khan nai sai salman khan hi kar le xp,1
 ni imaandaar ho main,1
 nai btao nah apna address plzz p,1
 babu ne tameez nai sikhai ja messi se sekhke aa punter blocked stfu,1
 main tou sindh board ki burai b nai karsakti kyun abba hai board main xd,1
 hahahha bt stillunique shok haihr kisi ka ye shok nai hota,1
 nai tanna karish ki dosti itni kmjor ni jo gulati tudwa de,1
 pena nai shmjti p matbul drink kar k tun hoye rehty uf waly p,1
 lolzzzz sure dekhtay hain phir ya app nai ya main nai bec us nay to buch jana hay for sure,1
bv tussi mere naal pyar nai krdy punjabi ne 17 bachon ki taraf ishara kiya aur bola te ay fer main net to download keety c ,1
ab jb sonay ka time haito neend urh gai haikia ye khulla tazaad nai ,1
 nai bb bb sekh raha ho d,1
 hahahaha darme wali kahani tweeter par nai sona sakta hahahahaha bas yehi samjhin maje hi maje hahah,1
he fuck on credit nai men r wickedltlt human,1
 tum wesay ye kabee nai kersekti,1
 ya allah shair hi shair mujy kyun nai aataaa,1
 nai ham pathan hay ,1
tu jawan ay tera dosh nai mere tay ki beti tenu hosh nai,1
 yeh ha aik gharib mulk ka ayesh pm jis ko awam key nai apnay karobar ket faker ha ,1
 hmm achi hai bt finals k liye abhi start nai ki maine p,1
 agar hota kisi ke pass aisa dil to dil ki duniya jannt hoti badalte mausan me bi tapta viran registan nai,1
alite channel doing good reporting well done it has cross media ownership with daily nai baat,1
 acha nhi mje to sun nai mai kisi maths k paper se zyada asan nhi lagti lol tme kese easy lagti hai,1
 aese loug botany parh b nai sakte,1
 ok na karo bat maine b ab tum se bat nai krni phir roti rehna k boota bat nai krta ,1
 nai nai kisi aur ne to nai krni uski nature aise hai h nai na shukarrr,1
 imran khan say tu rata b nai lagay ga lol,1
 uski begum hai na nazar wattooonai lage gi usko nazar p,1
 ab bro bolny ki b khas lod nai thiwaisy keh do k u alreay havedil he tor diya ,1
 khairat he mang rha hai na mulk to nai loot rha jaisay tum logo nay lota hai,1
 hahaha mazdooro se kum nai lag rhaay hotay becharay p,1
 ab to mai chup nai hunga beta p,1
 tbhi to dekha mene ye khuwaab nai to kahan se dekhta,1
 good yaar work hard aagay yehi mehnat kaam aye gee ia nai kik wik nai krti use main,1
 rt karein agar aap ko lagta hai ki jack wilshere iss muqaable ka chutya hai,1
 mein sirf bhaijaan keliye ye trend kaarungabhaijaan ka agar kisike saath dushmani nahi to mera bhi nahi srkianssalman,1
 tum apne dil ko tasalli de lo agar milti hei gillani ke kehne seapni ankhein nahi hein apki,1
 agar ye dono nd aise hi pyaar se rahenge to pura bollywood unke isaro par nachega srkianssalmani,1
 dekho yar ladho matagar salman ko prblm nahi hai to hume q u following being human then think positive spread ,1
 haq ek behtar zindaagi kaheres a link to my latest tv commercialhttpstco2kuszlemdphope u guys will like it,1
 hazaar log hazaar batein sawaal ekjawab tum,1
 clarkston is returning to ford field the wolves beat ek 3513 in a a division 1 semifinal game,1
im guessing right now that my mom is expressing her dismay at eks puck possession skills justaguess,1
 allah swt ap ko her haal may zindagi k her pel may apni rehmat or fazal say nawazay life ka ek ek pel kushiyon say bhera ho,1
nightmare sequence from ek and boro there bad pass thorough the middle by karlsson then boro giveaway trying to go backhand off glass,1
 sirf or sirf aapke liye hi ho or kisi ke liye vo shabad ban ho pita ji ek or bat taweet ke liye shabado ki limit h,1
 ek wonder geen geurige parfuum ,1
 ek mukhtasar saa raaz hain jiyaakoi dost dagaa baaz hain ,1
 life ka one day match chal raha hai na jaisy p yar mai ek hi dafa clean bowled honay par believe rakhti hun iykwim d,1
how may times will ek turnover in this damn game grrrrrr,1
meri kal presentation hey jis ka me ne abi tk ek lafz b nhe perha ,1
good game to my cousin for kicking the crap out of ek today,1
ek hi road ko baar baar banate hai waiting for baby trailer,1
ajj pehli bar new karachi dekhawaqai ek alag hi karachi lagta haiiykwim ,1
 chakki fans ki islie jali padi h coz agr hum ek ho gae to smjh jao d srkianssalmaniacstogether ,1
 srk amp salman dancing wo v ek sathyoyo bigkhanreception ,1
 what a fud the people of ek voted for this bawbag,1
 ik ek bebak nidar honest clean leader hey aap khud jantey hen ,1
 awww nd me 2 blankets uper ek neechay,1
ek lost today,1
 we led with our conviction rather than rational because rational said it was impossible daniel ek spotify,1
 mubark ho sb ek sath ho gaye srkianssalmaniacstogether ,1
 abid sherali ko jawab dena aisy he jesy keechar me pathar marnaye helicopter me bethy ya gadhey pr ek he bat ha,1
 dekho mne dekha h ek sapna phoolon k ghr mn ho ghr apna,1
 youre welcome thanks for coming by and have a wonderful day ek,1
 kahan ghayab thin saara dinn p ,1
 saara you slut,1
 lefty sab ka jamaat hai ye saara economics school rob the rich and distribute among the poor wale robinhood bante hain sab,1
 i missed the match suna hai chutiapa hee saara hai phir se wenger bohot predictable hai ab,1
 yeh bhashan dene waala pm toh saara desh farokht kar dega,1
 waesey pakistan ka saara gand pti mn jama hochuka hai aap ki shammoliat is mn char chaand lga degigo ahead,1
kyoon tu achi lagti haiwaqt mila tu sochyngetujh mein kiya kiya dekha haiwaqt mila to sochyngesaara shehr ,1
 mile koi bhi tera zikr cheer dete hainke jese saara jahaan razdaar apna haiurdupoetryahmedfaraz,1
 bahut saara dhanyawaad siraapne yaad rakha mujhe grateful aaj shaam jaa rahein pehli isl dekhne,1
tere deedar ki aas mein atay hain teri galiyon mein rana warna saara shehar baaqi hai awaargi k liye,1
 saara kaam mei hi karloun acha um awesomest person on planet earth or queen or perfection,1
hastinapur ke samne banne wale pul ko bante bante 10 saal ho liye 2 saal ke kam ko pvt tekedar saara paisa kha gaye or kaam kuch nahi hua,1
 big brother parents se saara paisa le gaya ab unko dabaata hai insult kerta hai kahta hai koi paisa nahi diyalie fraud itna k,1
 mere bhai bhabhi ne parents se meri ladai kerva saara paisa unse le liya uske baad mere parents ki insult kerte hai kahte hai,1
 aseem gurudev saara gyaan de rahe the and koi kasar ni chodi oman ke baatein bata ke jalane mei usne ,1
 saara time kameene ali pe waste kar diya bb8,1
book trailerkaise chand lafzon men saara pyar likhun via ,1
 gud night papapa ji luv you comes my supnaaaaa vaddhaa saara,1
saara din khajjal ho k ghr pohancho raat ko to pta chalta hai agay se teenday pakay huway haintime to die,1
 bht saara love to u tooo,1
 tum hans do tosaara aalam hans deta hai tum ro do tohar shay bheegi si lagti hai tum rootho ,1
tere deedar ki aas mein atay hain teri galiyon mein warna saara shehar baaqi hai awaargi k liyegd nt,1
khud ko chuntay huway din saara guzar jaata hphir hawa shaam ki chalti hai tu bikhar jaate hshair ,1
saara din facebook kay chaskay bhi leythay hain aur phir uss ka mazaak bhi uraathay hainsahi hai ye bhi,1
 aaapppkooooo bhiiii bhot bhot bhot saara pyaar ,1
 muahhh party hard and dnt forget to have wafers and sandwich sukhispecial dher saara lauuuu lt3,1
 muskura kar dekho to saara jahaan haseen hai jan warna bheegi aankhon se to aaina bhi dhundla nazar aata haiby shan,1
saare shikwe janab tere haidil pe saare azaab tere haitum yaad aao to nind nahi aatinind aaye to saare ,1
 jitni dair m charging honi h utni dair m nind a jani h na,1
 never nind ,1
srkianssalmaniacstogether aaj raatko sukun dene waalii nind aayegii ,1
 net aaj jayada hi fast chal rha he to nind aane ka koi chans nhi,1
 ab jake acchi nind ayegii thank you sir good night all take care and rest well,1
nind to nahi ayi bt subah jaldi uthna haiso gud nyt guyz stay blessd n keep prayin fr kapilian komal,1
 ashu ko dekhe bin nind nai aati hluvuhamesha,1
that awesome days jab bina hilaye nind aa jaya karti thi childhood,1
 nindpagli p,1
 sir aapko nind ni aati kya,1
 omgnind uda di saari meri,1
iss najuk dil me kisi ki itni mohabbat heaedostohar raat jab tak aankh bheeg na jaayenind nahi aati,1
 sir ji ik baar hug kar dijiyechain ki nind soo jauga,1
us se ishq kya hua zalim nind se hi dushmani kar bethaa ankush,1
 stop yawning nind aati hai ,1
jab tak tu nhi soyegi tab tak mujhe bhi nind nhi aayegianyways good night senorita,1
 jis ko nind aa rahi hai wo ja kar so jaye but mind ki ma bahen ek na kare unglion28thnov,1
hazaro khushiya kum hai tere ek gum ko bhulaneke liyetera ek gum kafi hai muje zindagi bhar maut ki nind ,1
 aisa kya to phir aise songs sunte hi kyu ho jis sei nind aa jaye p waiting for baby trailer,1
i know ke shanivar raati tujhe nind nhi aatipar abhi sojakal sunday hai,1
 shanivar ratri hame nind nhi ati lt3,1
i cant explain more nind nhi aayegi toh kr dunga v stalker,1
 bada jaldi tujhe nind aa jati yarsone ki itni jaldi o kuch to baat hai p,1
 main jaagu tere bin tu kaise hai sojati p shaanivaar rati mujhe nind nhi aati toishi ,1
yaad aate hai to zara kho lete hai aasu ankho me utar aayeto zara roo lete hainind aakho me aate ,1
nind nahi aati apne gunaho k dar se ya rab par sakoon se so jata hun ye soch kar k tera ek naam raheem bhi hai ,1
tonights gonna be good good night shanivaar raati nind nai aati ,1
 seriusly wehmi hai p thora se b room ganda ho to nind nai ati usko d adhi raat me safai horai hoti hmaray room ki p,1
 salo gujar gaye rokar ni dekhaankho mein nind thi sokar ni dkhawoh kya jane drd mohabbat kajisn kisi ko kbhi khokr,1
soch rha hu aaj nind ki goli khaa lu shayad nind aa jaye kyunki shaniwar rat ko hamko nind ni aati d feeling loved,1
sapna vo nahi jo nind me ayesapna vo hota he jise pura kiye bina nind na aye,1
salo gujar gaye rokar ni dekhaankho mein nind thi sokar ni dkhawoh kya jane drd mohabbat kajisn kisi ko kbhi khokr ni dkha ,1
thanks for today nind dhes take care yaa besok ke semarangnya see you really w anindya amp dheswara pic httpstco4cgmraxldb,1
jure jo tre khawab se to tute hum nind se ye kaisa tra ishq haisajnaaatu hatho me to h mre fr kyu ni ,1
 mujhe nind na aaye mujhe chain na aaye koi cbi se bachaye bhagmodonbhag http,1
 inki fat gai hain inke baap chodi ne inko full dhokha de diya hain,1
aabaad hoye ho jin insaano sebarbaad ho jaogay unhi insaano sedoge agar dhokha unhekaroge agar gumraah unhe,1
 modi ji tusti karn ki rajniti mai desh ke sath dhokha kyo kar rahe ha,1
 jab kaha dhokha to thoda apsy humy aitraz tha mgr jab dekha aap mai khuda toh thoda intezar h,1
 sab aapiye jhoothe hainmullon ke saath milke dhokha de rahe desh ko ,1
khud se badh kar maine tujhpe tha bharosa kiyazindagi tha tu meratune hi dhokha diyapyaar mein mere rahi thi ,1
o esliye kehta hotum lout jao ye rasta acha nhisub dhokha hai koi sacha nhisuno tum apne ho esliye kehta homohabat wafa nh ,1
 breaking news baap ne diya bete ko dhokha babitaji aur babuji spotted ,1
chemistry dosto ek ladki ne dhokha diya ab methanol piyu ya fir ethanol,1
 pyaar karo toh dhokha mat dnapyar ko aansu ka tohfa mt dnadil se roye koi tumhe yad kar keaisa kabhi kisi ko moka mat dna,1
 janlokpal layeenge par 49 din me dilhi ko dhokha de kar bhah gsyabhagoda,1
 sahi baten to bahuto ne ki par dhokha dene ke liye kisi ke acharan me imandari ke prati sankalp nahi dikha siway ak,1
 woh to phir bhi actor hai bhen to poori shatir nikli anna ko dhokha modi ki tareef amitshah yessir,1
ksur unka ni tha jo dhokha diya aadt to hme thi dhokhe khane ki hme pta tha dil ek din jrur tutega ,1
 hehehehe dhokha dhokha dhokhad yeh insaan old pic daal kr hamein dhokha de raha haid lol,1
asoor unka nahi jo dhokha dia unhoneaadat to hame hi h dhokhe khane kitutega dil ek din jante the humfir ,1
atleast salman is not double faced aamir dil ka seedha hai par sabhi ne usko dhokha diya srkianssalmaniacstogether,1
chup rehna hi behatar hota hai jamane ke hisab se aksar jyada bolne wale hi dhokha kha jaate hain,1
 dhokha toh ye sara zamana haipar fir bhi yaha hume kuch acha karke jana hai,1
 mae bhi mareez e mohabbat houn dhokha khaya hua ,1
dost dost to raha but pyar to ab dost bhi na rahajise chahte the hum khud se bhi jadawo hume aaj tak dhokha deta rahapm,1
 maine har wo khushi tujhe di jo tu chahta tha tune kya diya mujhe sirf dhokha,1
modi g k naam pe vote lene ke baad jitna wada kiya wo to chodo purani chizo me bhi kattoti kar dhokha ,1
 where is annakia kbhi anna jaggey gaaaab tuo anna ko kiran v k singh bhi chhodh gaeydhokha dey gaey,1
dekha hai humne bi ajma krde jate hai dhokha log karib akarkahati hai duniya magar dil ni mantakya ap bi bhool jaoge hume apna dost bnakr,1
humare1000 person me saath bahut bada dhokha hua hai help me modiji 8058062035,1
mulakat bhi kbi aansu de jati hnzren bhi kbi dhokha de jati hgujre hue lamho ko yad krke dekhiye ,1
kyun mohabbat ko log khuda ka darza dete hain maine aaj tak nahi suna khuda ne dhokha diya ho ,1
 lolzz ye public ka dhokha hai,1
aaj mere intezar ki jeet ho gayimeri mohabbat ki charcha khule aam ho gayikabhi hum ko dhokha diya tha tumne ,1
uttarakhand k haraamkhor raaj neta ne berojgaar diploma pharmaciston ko ek baar phir dhokha de diya hai ,1
khwaabon ka jharokhasach tha ya dhokha ,1
 jrur pita jipitaji 45member ashok grover ne dhokha kiya iska hal kre pitaji,1
samparkyatra nitishkumar purnea loksabhamp santoshkuswahabihar ki janta kah rahi hai ki dhokha ho gayabjp jhoothe vadon se vote le gayi,1
koi na mila jispar dunia luta detesab ne diya dhokha kis kis ko bhoola detedil ka dard dil mai daba rakha ,1
madam ye aam admi hi hai hamere modi jiaam admi ke nam pe dhokha app party de rahi hai,1
kasooor kya thaa humaaraaaa na koi dhokha na koi demand sirf aur sirf pure dostitan man aur dhan har ,1
faasla nazro ka dhokha bhi to ho sakta hai wo mile na mile haath badhakar dekho jagjitsingh ji,1
why cant the food at a restaurant look the same way as it does in their brochures is it bec life mein dhokha aam baat hai,1
mene life me us ladki se mohhabat ki jo muje aaghe dhokha deghi muje yah bat pta thi bt mene socha ki pyar jo aashani se mile usme kaha mja,1
 dost jo humari hai so proud of you aiza ,1
 then he sings dost dost na raha ,1
dusary ki galti nikalnay ky liay bheja chai hiapar khud ki galti qabool karnay ky liay kaleja chai haidost p p p,1
 bassdost dost na rahaa ,1
 awww mera dost ,1
 wah bhai kya bat kahi kya ajamkhan ko gutka kaha raheho naa gatak sakte naa ugal sakte ,1
 karachi kai mailymaila ary jao ry gutka laome bhai pehle pichkari maar phir bol d,1
 sub kuch sahi tha bus gutka nhi batwaya,1
 swachhbharat why not ban mps and mlas from eating pan gutka and littering streets as an example for the people,1
 merakyajaata mein aise hi paan aur gutka yahan wahan thookoonga kyonki merakyajaata,1
 yaar woh gutka khata hai and mujhy gutka nae pasand xd,1
pure bharat se narendra modi ji ko deshi daru or gutka band kar dena cahiye pure bharat ki janta ki maga hai,1
tv ads1st humare toothpaste mai namak hai2nd humare mai namak aur nimbu hai guy from upkya kissi k paste mai gutkakhaini nhi hai,1
 sir we have initiated a campaign wherein all our construction sites are now tobacco and gutka free,1
 and bheir bakrian and gutka khanay wale and jahil too p,1
 waisey kesar gutka bhi muh mein lekar paida hotey hai jitna bhi sahi dikh raha ho banda masala muh mein bhara he hoga,1
 kuch chutiye jo muh bhar bhar ka gutka khate haiin gutka to aise khate hain jaise daal k sath churma ,1
gutka pan and tambakoo is deth reson oral cancer monh ka cencer via ,1
 well priya ji aap punjabi gutka ko har din pada karo mng amp evening thats best for u will give u most power amp strength,1
 i also take gutkapls clap for me also,1
 ayii hafsaww bht gandi ho tum banda zeher khale gutka na khaye yaakh,1
 state govt should ban all type of gutka masala smoking products this would be in the interest of nation amp peoples health,1
 mad about gutka karachisitcoms,1
 imagineaworldwithout gutka chaliya and all such related shitonly if,1
 respected sir namaste swatch bharat ke liye gutka bandh karwa dijye please it is spoiling our nations hygene and health,1
modi we must keep our surrounding cleanmodibhakts spits paan amp gutka on d wall amp chant modi modi modiinaustralia,1
 how can bhonga khan expect support from us sindhis when you think we are illiterate people who eat and spit pan gutka ,1
 ek hi jeevan mein do dil ki pyaas bujha nahin payenge tujko phir paane ke liye hum aagle janam mein aayange good night,1
 pak ma 3 mheno main 97 bechay thar k bhook r pyaas say tarp tarp k mar gay but ki c ne b is mozo pay baat ni ki sway media k ,1
hum kya bata sakenge kisi tishna lab ka haalpyaso ki pyaas pyaas ke maaro se puchiye,1
kitni jaldi yeh mulakat guzar jati haipyaas bujhti nahin ki barsaat guzar jati haiapni yadon sey keho ki yun ,1
tu hi haqeeqath khwab tu dariya tu hi pyaas tu ,1
 congratulation jai hind college and entourage for pyaas ,1
 pal pal dil ke paas tum rehti hojeevan meethi pyaas yeh kehti ho keep rocking sonalee ,1
sajdy me sar galay py khanjar or teen din ki pyaasaisi namaz phir na hui karbala k baad,1
 kaisay kaise ho ye tashnagik mujhay sadiyun ki pyaas haimy own poetry hope u all will like it thanks ,1
kaash k tum mil jao aise jese pyase ko panik tujhe honton se laga kr saari pyaas bhojta,1
teri ek chuwan se jaaga ye kaisa ehsaaspehle tou mehsoos howi na mujh ko aisi pyaas,1
 kursi ke pyaas ne dimagh khrab kar deya ha inka lagta ha sotrue,1
 ji chaloon ab main bhi kuch kha loon coz shaam se bhook pyaas sab band thi meri chand lekin ab im so happy ,1
bin tere koi aas bhi na rahiitne tarse ke pyaas bhi na rahi,1
 aao mitali apne didu k juice se apni pyaas bujhao ,1
 yeh bandhan toh pyaar ka bandhan janmo ka sangam hai together n srkianssalman,1
main tumse pyaar karti hoon india arsmun afcvmufc ,1
 hume ek bar hota hain pyaar yeh lakh bar kehen waalegood night bhai ,1
 ek becharaa pyar ka maraa fass gayaa jaal me pyaar k liye deeldaar k liye yaaaaahuuuuuu,1
 ye bandhan toh pyaar ka bandhan hai xdsrkianssalmaniacstogether,1
 jab koi tumko pyaar say bulaye gaa tumko ek shaks yaad aaygaa,1
ye bandhan toh pyaar ka bandhan hai xdsrkianssalmaniacstogether,1
main tenu samajhawan ki na tere bin dil lagda je tu ki jaane pyaar mera main karoon intezaar tera tu dil tu yo jaan meri wewantharshikaback,1
 throwback picpyaar ki yeh ek kahaani timespanchi dobriyalmiss those times ,1
 lol har gaye to b no probcoz tum jeeto ya haaro sunooo hume tumse pyaar hai wewantharshikaback,1
audi ki car aur ladki ka pyaar bc dono hi mere naseeb me nahi deep emo,1
 what a day at puneamit trivedi take a bow man last bhajan was cultaankhon ka hai dhoka aisa tera pyaar tera emotional ,1
 hero ye bht mehnat aur pyaar se bnae hain pljj in flowers pe to fav de denaap ne naa dekhe to mehnat zaya ho jae gi ,1
mai aap say pyaar karta hoo indonesianangelovemastukie,1
smileit irritates your enemiesdhaikho magar pyaar say d,1
na usko pata na uski khata main uspe marr gayi zara usko bata uske hi pyaar me jhoome jiya re fawadkhan crazykiyare fawadfever lt3,1
 pyaar ki qadar nai unko p tum karti raho reply aa jaye ga d,1
 yeh dil laya hai baharapno ka pyaar kya kehna,1
aaj pehli baar kisi larki se sacha pyaar hogaya ,1
sheikh rasheed tuje na pak ke fiqar hai na he tu imran ka yaar hai tou lalchi hai tuje bus kursi say pyaar hai ,1
 nahi aakhir itna pyaar kew krtay ho mujj se aisi kia khaas wja ae p,1
 tujhe dekjha toh yeh jana sanam pyaar hota hai dewaana sanam ab yaha se kaha jae hum,1
hero made these roses for black ur fav color n red mine pljjj have a look bht pyaar se bnaye hain ,1
 abhito bachche bhi tumhare chutiye baap modi ki maarne lage hai lol,1
 tum log maa hi thokte rahiyokyunki tumhara baap modi ke jaisa napunsak hailol,1
 tera baap aik dictator ka kutta thajis ne fatma jinnah ki tazdeel kibaat karne se pehle such liya ker,1
 dikha di apni okaat baat karte karte galiyon per aa gaya bta diya tu ne k kis maan baap ki olaad hai tu,1
 meray baap come be cool and positive still paki girls are better then the western girls there are many nice girls got it,1
 or wohi gand tumare baap ne wspis le liya marvi memon sh waqas akram zahid hamid ameer mukam etc,1
 bijli tare baap mushraf aur zardari ne nai bannai ab 17 month main nai ban sakti jahil ke olad,1
 abay gittia baap ke olad tax chor kutte pher bak bak kuin kartamera leader leader ha tare leader ke tara kutta nai,1
 yeh kya hai mir koi sharam haya hai tujhay kay apna zameer baap ki tarah baich k,1
 khusra hoga tera baap chal bhaag gandu bhenchod,1
 ye masjid iske baap ki nahin hai its final this is illegal,1
 haan mp ka ho ya mha ka ya south ka famous baap bhojpuriya hoga bhojpuri baap hoge,1
mai tab say gun chalaaa rha hun jb tu apnay maa kay pait may nahi apnay baap kay passs thaaa ,1
 muje lagta ha tum heera mandi main kasi kutte aur kuttia ke olad hotumra baap pig ha aur tum pig ke oladu bitch,1
 inka baap aisa nahin hai all this is to fund free houses food amp unproductive psus for votes,1
zardari meray baap ka qatil hai fatima bhutto ,1
twitter kisi k baap ka nahin haimeri marzi jitne tweets kron rt krunkrun ya na krunmera problem nahi yee ,1
 jayan sinha is a baba log baap ne desh ko duboyabeta bhi waat laga dega india ki tax rt ,1
 baap re great tweeting ,1
 laanat tumharee baap pe aur tumharee gundee chachee pe,1
 buzdil khan teb se pagal ho choka h jeb se ppp ki govt na us k baap osaama ko kuty ki maot mara h,1
kuch logo ko baap banany ki bahut burii adat hotii hai well done but you could have done better ,1
 jawan bete ki mayyat aur baap ki thaki himmatkabhi mayyat yahan rakh di kabhi mayyat wahan rakh dialiakbar,1
benazir k qaatil karachi shehar mein mojood hein bilawalye beta zaroor baap ko tangwa dega,1
 mein bhi bahut statistics dekha stats ke hisab se to msd sab ka baap hein d,1
 mujhse to bhag raha hain jake baccho aur ladkiyo ko tag kar ke galiya deta rehta hain isko ab jaake iska baap mila,1
 hahaha han ye meri he behen hai d,1
 beta is men toh itni dair hogai hai k meri behen jo kaahilon ki sardaar hai wo sharma jae p,1
 girfriend kuch time ke baad behen ban he jaati hai phir koi nayi girfriend roflmao epic aish kat b,1
 haha behen nahi rahi na ab yahan d,1
baby trailer waala koi behen ka lund naa dikh jaaye tl par gaand me goli maar di jaaegi,1
 o bass karjaa behenpora bollywood daalnay ka irada hai kia muj pe d,1
 miss you sooo much sweety behen ,1
 thek hai baidono behen bhai lage hoe hain baton mehm to kuch lagte e nai bye bye ,1
 sunna chutiya cow is ur mother i have its milk everyday not only mebut i hope u alsobehenchod dheka tha,1
 kon sa hai behen ka lund bhinderwala ka loda,1
 maa ka bhosda bhinderwala ki behen ka bhosda uska,1
 bhai ki poori duniya behen honi chaahiye na lol,1
 jaane do in sabko chalo behen tweetiya kare,1
fucking refassholeclear onsidebehen ke laude bc mc,1
 aao behen mil k tl pe ganga jamuna bahaayein,1
 meri randi behen aisha apny mera mast loda choos ke mere pani ke maze le rahi hai ,1
 hahaha toh agr meri behen hoti toh followback nhi hota p,1
 bass behen ghuroor sey duur rehta hoon warna aap jaisey logon sey baat kerta ,1
 myri chhoti raand behen bhai ky dost se chudwa rahi hy ,1
 myri raand behen waiter ka mast lund choos rai hy ,1
 nhi tum zyada tum toh itne pyare ho ki koi bhi larki tumhari behen ban jaye ,1
i dont support any party but irejectpti because they will abuse your maa behen if you dont agree with them changethename nayapakistan,1
 so gobar ki behen is outyayy bb8,1
 choti behen ne kya thappar maarna hai p,1
 lyk maamu lyk bhanja supper cool,1
 mama bhanja naughty but love both,1
 gn all me with my naughty one aww shoo cutteecutest mama bhanja everlove u rockstar stay happy,1
 ho jayega bhanja will always be happy btw howz he,1
 pakistan maen ik mulk ko badnam ker reha hae aor pakistan bahir bhanja yae khandani ghadar haen ikdestroyingpak http,1
mera cute bhanja ,1
newborn twinkle twinkle little bhanja ,1
 mera bhanja ,1
my sweet bhanja ,1
 shame the language abid sheir ali bhanja jo bolta hay kitni ba izzat hazaban sanbhalo abid sheir ali phir na kehna,1
 bhae pleas mera bhanja behrha googa ap behria town as us k elaj karwa do 03217709400,1
 ka bhanja peeta hai ghanja,1
 bohat hi nasli begharet ha khuda ki kasam is ko koi peon na rakhe agar ye ns ka bhanja na hobc,1
as it turns out puneet issar is the real shakuni in the biggboss8 house and his stupid bhanja is gautam gulati bb8,1
 puneet is shakuni and gautam his dumb bhanja duryodhan ,1
my swt bhanja ,1
 lovrubsepapa g mn bahut udas rhta h g kb hoga g what i want papa g ap ji apni beti ke liye kroge jrur i know lve u,1
 barakah mere mamu ki beti ka naam p,1
hats off to salman bhai arpita khan salman khan ki real sister nhi hain vo ek baggerbhikari ki beti thi unki ,1
tu me pakles de quoaaaa son accent l une pure beti,1
tu don ki nahindonkey ki beti hay ,1
 2 chal bhaag yahanse meri beti itni faaltu nae hogi ,1
 shano sab se dheet hai akhir rasheeda ki hi beti hai next week kahin fayyaz mar na jaye ,1
 han na p pata hai muje p chokidari b sahi se ni kartitwitter pe lagi rehti p,1
 sahi bat itni sakht urdu boli to sans hi cherh gya p,1
 aap sahi salamat ho aur atleast aap ko kuch naahi hua woh chahta toh dosti gaanth ke aap ko bhi baahut kuch,1
 duri sahi jai na hahahha lol,1
 lagta mujh ko sab sahiitna tou hai khud pe yaqeengujranwalastandswithik internationalprideik larkanaforpti httptco,1
 okay jo hukum so let me start with you next time sahi hai na p,1
 hahaha sahi hy koe msla nh p kal mjhy b kisi ahmad shahzad nay follow kiya tou mjhy jhatka lga d,1
 han han mujhe to pata hai p sahi wali busy rehti ho bat hi nahi hoti tmsy sadlife,1
 sahi kaha par u r bcbc bahoot cute,1
 hooria bilkul sahi kaha daughters are always great,1
maza aa gia sahi ka,1
 papaji mere bhai ko kb acha keroge uski report sahi bhejna please aap hi rehmat ker sakte ho ji aashirvaad do papa ji,1
 sahi hai baijao dm me dono ,1
 chalo sahi hai phir ,1
 sahi be i am yet to reach 1k i guess ,1
 haa sahi kaha it was boring ali was too much n very less of salman,1
 dm sahi ni chalta mera windows phone se ,1
 aap sahi boli m with u,1
 it ws sch a coincidence tat phool aur kaante released in 1991 amp ur bb in tkd also comes on d same day wch v cannot forget adb,1
 haha waise yeh batain koi aaisa hai jo kahe usne pondi na ki shair ne jub aurat ko phool kha hai to in becharon ka kya dosh,1
 haha ma to phool phaink raha ho ye dheet lagta ha teray ko,1
many many happy returns of the daywish u a very very happy birthday shwetaphool khilte rahein zindgi ki ,1
jack wilshere is a phoolarsenal is a goddamn clubwenger is gonna die,1
uska hus kar nazar jhuka lena saari shartein kabool ho jaiseuski baatein toh phool ho jaise jagjitsingh,1
hanss k chall doon kaanch k tukroon par silant hamzaagar tum kaho yeh mery bichhaaye huay phool hain ,1
 nxm sies marn youre a phool say thank you ,1
 ek din aap yun hum ko mil jayengeyphool hi phool rahon me khil jayenge wewantharshikaback ,1
 why did the flower fall in love because it was a phool brownjoke ,1
 array aap tou murghi ki tarhan phool gaay foran d,1
 always love you my bibya and aaj kaalu ki phool aur kaante ko 23 years hogeye xp so main dunya se ab na d,1
hbd bhang pornnisa techapamornkul on 23112014 wishing you all best happiness healthy and success,1
 try bhang lol,1
 ab tu bhang sey bhi ziada nashay wali neend ani hay babloo ka tweet jo a gaya happybirthdayahmadshahzad,1
 231k wala phr apni bhang bnata hga d,1
 woah mujhe nai pata tha yewaisay bhang pee kr khuwab main 80k bhi nazar aa sktay hain p,1
 butts babies boobies bongs bodacious blunts booyakasha bhang boom b is best enjoy with buds,1
 62k bhang p k ni ho jatay p,1
adek siap nemenin bhang haha keluarga gw hari ini pada ke dubai kecuali gwits party time,1
 afsoos hamarai cm bhang peekai dhut hain kyon nahi woo thar mai rahtai hain or piyaas bardasht kartai hain,1
 the vibes on big bhang vol 1 are on some next level would love to hear lak hile gv on the mix tape,1
 charas sharaab etc to buht common hai jee leas mai aur politicians mai bhang ka to pata hi hoga apko ,1
 hahahah subah ka breakfast vd bhang kachdaroo hahahah,1
 dekho aunty ye hoti h good governance lahoti baba ki bhang pee kar government mat chalao hahahah ,1
i liked a video from bhang ke nashe mein full song hq with lyrics koyla,1
harami ney 17 grade ka afsar office ke bahir bithaya hua hey sirf bhang banane ke liye,1
 i love how that bhang in my car ,1
 yaa aap s only political party meeting officialy bukhari who is not serving arrest warrantaap ko bandh karo,1
chehra khuli kitaab hai aisa kehnewale kehte hainbandh palak mein pyaar ke sapne jhuke jhuke se rehte hain ,1
 sala shoelaces bandhne ko tayyar nahi hote aur earphones aapne aap bandh jaate hain,1
 mainy apny dil ko bandh kr rakha hai chain se idhar udhar nai bhagta ,1
 suna hai klopp k halaat bhi tight hain and england bhi usay pasand haiumeed laga sakta hoon main p,1
 bilkulmje last shair bohat pasand aya apka cmnt daikha to dobara khud ko rok ni paya,1
 haha d gud idea har kisi ki pasand hota phr to me p,1
 whyyyyyyjo pasand hai wo karo ,1
 ek londi pasand h tere bhai ko kenya likha h uske bille pe priyanka naam hai,1
apni pasand ka koi sheir sunaenweekend night poetic ho jaey gy ,1
 waisay waisay aap ki selfies mujhey hameesha bauhat pasand aati hain great photographer u r,1
 kaya ap ko poetry pasand aye and trust me you have realy preety eyes,1
 mujhe bhishe is a bit dumb but bohot cute hai but i like dimpy alsokarishma utni pasand nahi hai lekin p,1
 hahahaah so sweet p dekh bhai dekh im sure tumhe pasand aayega ,1
 mjhe bhi nahi pasand do talli ,1
 tere gaand to bahout pasand hai choot vi dikhao tere ko lund chaiye esa booss se to maze vi ni aya ,1
 hahaha vo drama ha he aesa aga krna ka dil ae ni kra gajust watch sherlockhope pasand ae ga drama btw speeeeeeeeed p,1
 aap humein zara pasand nahi aye,1
 shayed kisi ko meri sakal pasand nahishayed koi bahut jyada nafrat karta hai mujse,1
 apko as a gift ya birth day gift kiya cheez sab say ziyada pasand hay i wanna askahmad ,1
 ladki wale beta kya lena pasand karogeyme aunty thodi whisky with 2 cubes iceldki wale ghae waleme ohh bc ,1
 haha manti ho na phir meri pasand ko ,1
 apki pasand hai ,1
 tujhe bahut pasand hai tu hi kha le waiting for baby trailer,1
hy punjabians ap k liye mera friend zainunainu ek song likh raha ha i hope apko pasand aye ga song title ha ,1
 happpy birthday my khaaan my mithu my shonu nd apko cake pasand aya,1
 ho sakta hy allah ko ik pasand ho bula lay,1
 ha nagin mujhse zehar chusna pasand hai mai neel kanth hoo,1
aksar hota hai k thori der dekhne k baad admi pasand aaney lag jata haihum ne aapko pora 1 ghanta dekha ap humko phir bhi pasand nahi aye,1
 149 characters kam padenge pagalsimplehasna pasand haur logo haste dekhna bhiaur kuch log ca,1
 hi salman whr r u n what u r doing now a days dubai itna pasand aa gaya k aap hum salmanians ko bhul gaye ,1
 mat bolo aise muje wait karna pasand nahi kahoo jaldi aajaye vo lol,1
 meko sona b pasand h kash koe na jay gtlt,1
 football nahe pasand plz die d,1
 kiyonke pagal da puttar hai sala kud pasand khan sab se acha nazar ane ka shook pagal sala ,1
 he he na na pandit ko pasand kerkee tandip nahi ban ni mujge p,1
larkiyon ko larke suche hi pasand hote hain chahe wo khod inteha ki jhooti hon d p,1
uper wala insan aur niche wala insan dono aik hi ko pasand krte hai love triangle wali situation hai,1
 corrupt system ka rona rone waale log mujhe pasand nahiungli uthao aur change lao unglion28thnov,1
harshu wahan kaun karega aapka careplz call her whenever neededlol wewantharshikaback ,1
 yaar tujh pe toh har colour suit karega d,1
 dancer khan khud kitna chor hai ye waqt sabit karega filhal to chand hazar taporyon k kadhe par uchal raha hai,1
 upen bhi use karega aur laath maar ke bhaga dega,1
 hahaha saaf bol na hillane going kal sunday hai inni jaldi so ke kya karega p,1
 arsenal ki arse ma nal fit karega balo christmasmanayengelondonme,1
 so jaa baby doll mom aa jayengi daant parhegi agar kp aayega to kisiko reply nahi karega likh ke lele ,1
merit engagement ki news sun k tou koi sad songs sun k mjje yaad b nhe karega sadlife,1
new friendz welcome and add me in close awl jo b close ma add karega like and comment milega lt3 ,1
 aur maine socha tu khud 8 ke pehle ungli karega aur plan banayega p ,1
 and then abuse our mufflerman in front of camera vote k liye saalakuch v karega,1
 mujhe krke koi fayda v ni p waiting for baby trailer karega kon p,1
 krk bhai maa 2 aarahi hai kutte ka role karega,1
 kursi ka chatora bahut khatarnak hota haicm banane par 2000 ko mar dalta haipm banane par kitne khoon karega,1
 she knws a lot more than 10 modis combined gujrat ka nuksaan kiya ab desh ka karega,1
 haan sindhi aisa karega na tu toh frre ki teri g bhi maar lenge log p,1
gonaa mute him sabse baat karega bus mujhse prblm hai ,1
 abe jha2 bak bak band karega ki joota khayega,1
 raat bhar koi trend karega mere saath p waiting for baby trailer,1
 ab tu jisse bhi baat karega usse bhai bulva dunga tujhe v bhaijaan ke fans pe bhai suit hota h p,1
 nagin dance karega tu or bond goli maar dega tujhe naag smhajkar pixschoolofbonding,1
plz like karo meri page and share bhi jo like karega usko frd req karungi promiss ,1
 koi bewakoof he hoga bcjo inti sardiyo mein apni gf se breakup karega,1
koi bewakoof he hoga bcjo inti sardiyo mein apni gf se breakup karega,1
 r tmhari taref tm khd nai krta to koi r kya karegad,1
 vote ke liye kuch bhi karega lol today in kishtwar pm modiji used the words allah tala in his speech go,1
 ashish jha jaise halfline pe moonwalk karega he actually did moonwalk in ajmer ,1
 he will not answaer you rather we shud know ek chamcha dusre chamche se hi baat karega,1
 me too they should get a taste of kraziness saare tweets parh ke toh karan bhi blush karega ,1
 bhakto ka sher ek dhongi rampal ko arrest nahi kar pa raha aur bhakts chinapakistan ko mitane ki khwahis rakhe hue hai,1
 you lifafa kute dalay tm awam k taxu pr palne wala kuta hai jo nawz tmare smne dal raha hai harami,1
 lolye janwar bhee soch raha ho ga kis ka name likh dya ,1
 evening guys look at my necklace hehehejaan necklace to dikh hi ni raha,1
 kya chal raha hai d,1
 ji me to jaag raha hu p,1
 sub dikh raha hai jubhi tu bik raha hai p lolz,1
